0 verbose cli /usr/local/bin/node /usr/local/bin/npm
1 info using npm@10.9.2
2 info using node@v22.15.1
3 silly config load:file:/usr/local/lib/node_modules/npm/npmrc
4 silly config load:file:/Users/santiagovalencia/backend proyecto inf 1/Proyecto_Informatico/.npmrc
5 silly config load:file:/Users/santiagovalencia/.npmrc
6 silly config load:file:/usr/local/etc/npmrc
7 verbose title npm install
8 verbose argv "install"
9 verbose logfile logs-max:10 dir:/Users/santiagovalencia/.npm/_logs/2026-03-15T06_45_26_234Z-
10 verbose logfile /Users/santiagovalencia/.npm/_logs/2026-03-15T06_45_26_234Z-debug-0.log
11 silly logfile start cleaning logs, removing 1 files
12 silly packumentCache heap:2197815296 maxSize:549453824 maxEntrySize:274726912
13 silly logfile done cleaning log files
14 silly idealTree buildDeps
15 silly reify moves {}
16 silly audit bulk request {
16 silly audit   '@emnapi/core': [ '1.8.1' ],
16 silly audit   '@emnapi/runtime': [ '1.8.1' ],
16 silly audit   '@emnapi/wasi-threads': [ '1.1.0' ],
16 silly audit   '@eslint-community/eslint-utils': [ '4.9.1' ],
16 silly audit   '@eslint-community/regexpp': [ '4.12.2' ],
16 silly audit   '@eslint/eslintrc': [ '2.1.4' ],
16 silly audit   '@eslint/js': [ '8.57.1' ],
16 silly audit   '@humanwhocodes/config-array': [ '0.13.0' ],
16 silly audit   '@humanwhocodes/module-importer': [ '1.0.1' ],
16 silly audit   '@humanwhocodes/object-schema': [ '2.0.3' ],
16 silly audit   '@img/colour': [ '1.1.0' ],
16 silly audit   '@img/sharp-darwin-arm64': [ '0.34.5' ],
16 silly audit   '@img/sharp-darwin-x64': [ '0.34.5' ],
16 silly audit   '@img/sharp-libvips-darwin-arm64': [ '1.2.4' ],
16 silly audit   '@img/sharp-libvips-darwin-x64': [ '1.2.4' ],
16 silly audit   '@img/sharp-libvips-linux-arm': [ '1.2.4' ],
16 silly audit   '@img/sharp-libvips-linux-arm64': [ '1.2.4' ],
16 silly audit   '@img/sharp-libvips-linux-ppc64': [ '1.2.4' ],
16 silly audit   '@img/sharp-libvips-linux-riscv64': [ '1.2.4' ],
16 silly audit   '@img/sharp-libvips-linux-s390x': [ '1.2.4' ],
16 silly audit   '@img/sharp-libvips-linux-x64': [ '1.2.4' ],
16 silly audit   '@img/sharp-libvips-linuxmusl-arm64': [ '1.2.4' ],
16 silly audit   '@img/sharp-libvips-linuxmusl-x64': [ '1.2.4' ],
16 silly audit   '@img/sharp-linux-arm': [ '0.34.5' ],
16 silly audit   '@img/sharp-linux-arm64': [ '0.34.5' ],
16 silly audit   '@img/sharp-linux-ppc64': [ '0.34.5' ],
16 silly audit   '@img/sharp-linux-riscv64': [ '0.34.5' ],
16 silly audit   '@img/sharp-linux-s390x': [ '0.34.5' ],
16 silly audit   '@img/sharp-linux-x64': [ '0.34.5' ],
16 silly audit   '@img/sharp-linuxmusl-arm64': [ '0.34.5' ],
16 silly audit   '@img/sharp-linuxmusl-x64': [ '0.34.5' ],
16 silly audit   '@img/sharp-wasm32': [ '0.34.5' ],
16 silly audit   '@img/sharp-win32-arm64': [ '0.34.5' ],
16 silly audit   '@img/sharp-win32-ia32': [ '0.34.5' ],
16 silly audit   '@img/sharp-win32-x64': [ '0.34.5' ],
16 silly audit   '@isaacs/cliui': [ '8.0.2' ],
16 silly audit   'ansi-regex': [ '6.2.2', '5.0.1' ],
16 silly audit   'strip-ansi': [ '7.2.0', '6.0.1' ],
16 silly audit   '@napi-rs/wasm-runtime': [ '0.2.12' ],
16 silly audit   '@next/env': [ '16.1.6' ],
16 silly audit   '@next/eslint-plugin-next': [ '14.1.0' ],
16 silly audit   '@next/swc-darwin-arm64': [ '16.1.6' ],
16 silly audit   '@next/swc-darwin-x64': [ '16.1.6' ],
16 silly audit   '@next/swc-linux-arm64-gnu': [ '16.1.6' ],
16 silly audit   '@next/swc-linux-arm64-musl': [ '16.1.6' ],
16 silly audit   '@next/swc-linux-x64-gnu': [ '16.1.6' ],
16 silly audit   '@next/swc-linux-x64-musl': [ '16.1.6' ],
16 silly audit   '@next/swc-win32-arm64-msvc': [ '16.1.6' ],
16 silly audit   '@next/swc-win32-x64-msvc': [ '16.1.6' ],
16 silly audit   '@nodelib/fs.scandir': [ '2.1.5' ],
16 silly audit   '@nodelib/fs.stat': [ '2.0.5' ],
16 silly audit   '@nodelib/fs.walk': [ '1.2.8' ],
16 silly audit   '@nolyfill/is-core-module': [ '1.0.39' ],
16 silly audit   '@pkgjs/parseargs': [ '0.11.0' ],
16 silly audit   '@prisma/client': [ '5.22.0' ],
16 silly audit   '@prisma/debug': [ '5.22.0' ],
16 silly audit   '@prisma/engines': [ '5.22.0' ],
16 silly audit   '@prisma/engines-version': [ '5.22.0-44.605197351a3c8bdd595af2d2a9bc3025bca48ea2' ],
16 silly audit   '@prisma/fetch-engine': [ '5.22.0' ],
16 silly audit   '@prisma/get-platform': [ '5.22.0' ],
16 silly audit   '@rtsao/scc': [ '1.1.0' ],
16 silly audit   '@rushstack/eslint-patch': [ '1.16.1' ],
16 silly audit   '@supabase/auth-js': [ '2.98.0' ],
16 silly audit   '@supabase/functions-js': [ '2.98.0' ],
16 silly audit   '@supabase/postgrest-js': [ '2.98.0' ],
16 silly audit   '@supabase/realtime-js': [ '2.98.0' ],
16 silly audit   '@supabase/ssr': [ '0.3.0' ],
16 silly audit   '@supabase/storage-js': [ '2.98.0' ],
16 silly audit   '@supabase/supabase-js': [ '2.98.0' ],
16 silly audit   '@swc/helpers': [ '0.5.15' ],
16 silly audit   '@tybys/wasm-util': [ '0.10.1' ],
16 silly audit   '@types/json5': [ '0.0.29' ],
16 silly audit   '@types/node': [ '20.19.37' ],
16 silly audit   '@types/phoenix': [ '1.6.7' ],
16 silly audit   '@types/prop-types': [ '15.7.15' ],
16 silly audit   '@types/react': [ '18.3.28' ],
16 silly audit   '@types/react-dom': [ '18.3.7' ],
16 silly audit   '@types/ws': [ '8.18.1' ],
16 silly audit   '@typescript-eslint/parser': [ '6.21.0' ],
16 silly audit   '@typescript-eslint/scope-manager': [ '6.21.0' ],
16 silly audit   '@typescript-eslint/types': [ '6.21.0' ],
16 silly audit   '@typescript-eslint/typescript-estree': [ '6.21.0' ],
16 silly audit   'brace-expansion': [ '2.0.2', '1.1.12' ],
16 silly audit   minimatch: [ '9.0.3', '9.0.9', '3.1.5' ],
16 silly audit   '@typescript-eslint/visitor-keys': [ '6.21.0' ],
16 silly audit   '@ungap/structured-clone': [ '1.3.0' ],
16 silly audit   '@unrs/resolver-binding-android-arm-eabi': [ '1.11.1' ],
16 silly audit   '@unrs/resolver-binding-android-arm64': [ '1.11.1' ],
16 silly audit   '@unrs/resolver-binding-darwin-arm64': [ '1.11.1' ],
16 silly audit   '@unrs/resolver-binding-darwin-x64': [ '1.11.1' ],
16 silly audit   '@unrs/resolver-binding-freebsd-x64': [ '1.11.1' ],
16 silly audit   '@unrs/resolver-binding-linux-arm-gnueabihf': [ '1.11.1' ],
16 silly audit   '@unrs/resolver-binding-linux-arm-musleabihf': [ '1.11.1' ],
16 silly audit   '@unrs/resolver-binding-linux-arm64-gnu': [ '1.11.1' ],
16 silly audit   '@unrs/resolver-binding-linux-arm64-musl': [ '1.11.1' ],
16 silly audit   '@unrs/resolver-binding-linux-ppc64-gnu': [ '1.11.1' ],
16 silly audit   '@unrs/resolver-binding-linux-riscv64-gnu': [ '1.11.1' ],
16 silly audit   '@unrs/resolver-binding-linux-riscv64-musl': [ '1.11.1' ],
16 silly audit   '@unrs/resolver-binding-linux-s390x-gnu': [ '1.11.1' ],
16 silly audit   '@unrs/resolver-binding-linux-x64-gnu': [ '1.11.1' ],
16 silly audit   '@unrs/resolver-binding-linux-x64-musl': [ '1.11.1' ],
16 silly audit   '@unrs/resolver-binding-wasm32-wasi': [ '1.11.1' ],
16 silly audit   '@unrs/resolver-binding-win32-arm64-msvc': [ '1.11.1' ],
16 silly audit   '@unrs/resolver-binding-win32-ia32-msvc': [ '1.11.1' ],
16 silly audit   '@unrs/resolver-binding-win32-x64-msvc': [ '1.11.1' ],
16 silly audit   acorn: [ '8.16.0' ],
16 silly audit   'acorn-jsx': [ '5.3.2' ],
16 silly audit   ajv: [ '6.14.0' ],
16 silly audit   'ansi-styles': [ '4.3.0', '6.2.3' ],
16 silly audit   argparse: [ '2.0.1' ],
16 silly audit   'aria-query': [ '5.3.2' ],
16 silly audit   'array-buffer-byte-length': [ '1.0.2' ],
16 silly audit   'array-includes': [ '3.1.9' ],
16 silly audit   'array-union': [ '2.1.0' ],
16 silly audit   'array.prototype.findlast': [ '1.2.5' ],
16 silly audit   'array.prototype.findlastindex': [ '1.2.6' ],
16 silly audit   'array.prototype.flat': [ '1.3.3' ],
16 silly audit   'array.prototype.flatmap': [ '1.3.3' ],
16 silly audit   'array.prototype.tosorted': [ '1.1.4' ],
16 silly audit   'arraybuffer.prototype.slice': [ '1.0.4' ],
16 silly audit   'ast-types-flow': [ '0.0.8' ],
16 silly audit   'async-function': [ '1.0.0' ],
16 silly audit   'available-typed-arrays': [ '1.0.7' ],
16 silly audit   'axe-core': [ '4.11.1' ],
16 silly audit   'axobject-query': [ '4.1.0' ],
16 silly audit   'balanced-match': [ '1.0.2' ],
16 silly audit   'baseline-browser-mapping': [ '2.10.0' ],
16 silly audit   braces: [ '3.0.3' ],
16 silly audit   'call-bind': [ '1.0.8' ],
16 silly audit   'call-bind-apply-helpers': [ '1.0.2' ],
16 silly audit   'call-bound': [ '1.0.4' ],
16 silly audit   callsites: [ '3.1.0' ],
16 silly audit   'caniuse-lite': [ '1.0.30001777' ],
16 silly audit   chalk: [ '4.1.2' ],
16 silly audit   'client-only': [ '0.0.1' ],
16 silly audit   'color-convert': [ '2.0.1' ],
16 silly audit   'color-name': [ '1.1.4' ],
16 silly audit   'concat-map': [ '0.0.1' ],
16 silly audit   cookie: [ '0.5.0' ],
16 silly audit   'cross-spawn': [ '7.0.6' ],
16 silly audit   csstype: [ '3.2.3' ],
16 silly audit   'damerau-levenshtein': [ '1.0.8' ],
16 silly audit   'data-view-buffer': [ '1.0.2' ],
16 silly audit   'data-view-byte-length': [ '1.0.2' ],
16 silly audit   'data-view-byte-offset': [ '1.0.1' ],
16 silly audit   debug: [ '4.4.3', '3.2.7' ],
16 silly audit   'deep-is': [ '0.1.4' ],
16 silly audit   'define-data-property': [ '1.1.4' ],
16 silly audit   'define-properties': [ '1.2.1' ],
16 silly audit   'detect-libc': [ '2.1.2' ],
16 silly audit   'dir-glob': [ '3.0.1' ],
16 silly audit   doctrine: [ '3.0.0', '2.1.0' ],
16 silly audit   'dunder-proto': [ '1.0.1' ],
16 silly audit   eastasianwidth: [ '0.2.0' ],
16 silly audit   'emoji-regex': [ '9.2.2', '8.0.0' ],
16 silly audit   'es-abstract': [ '1.24.1' ],
16 silly audit   'es-define-property': [ '1.0.1' ],
16 silly audit   'es-errors': [ '1.3.0' ],
16 silly audit   'es-iterator-helpers': [ '1.2.2' ],
16 silly audit   'es-object-atoms': [ '1.1.1' ],
16 silly audit   'es-set-tostringtag': [ '2.1.0' ],
16 silly audit   'es-shim-unscopables': [ '1.1.0' ],
16 silly audit   'es-to-primitive': [ '1.3.0' ],
16 silly audit   'escape-string-regexp': [ '4.0.0' ],
16 silly audit   eslint: [ '8.57.1' ],
16 silly audit   'eslint-config-next': [ '14.1.0' ],
16 silly audit   'eslint-import-resolver-node': [ '0.3.9' ],
16 silly audit   'eslint-import-resolver-typescript': [ '3.10.1' ],
16 silly audit   'eslint-module-utils': [ '2.12.1' ],
16 silly audit   'eslint-plugin-import': [ '2.32.0' ],
16 silly audit   semver: [ '6.3.1', '7.7.4' ],
16 silly audit   'eslint-plugin-jsx-a11y': [ '6.10.2' ],
16 silly audit   'eslint-plugin-react': [ '7.37.5' ],
16 silly audit   'eslint-plugin-react-hooks': [ '5.0.0-canary-7118f5dd7-20230705' ],
16 silly audit   resolve: [ '2.0.0-next.6', '1.22.11' ],
16 silly audit   'eslint-scope': [ '7.2.2' ],
16 silly audit   'eslint-visitor-keys': [ '3.4.3' ],
16 silly audit   espree: [ '9.6.1' ],
16 silly audit   esquery: [ '1.7.0' ],
16 silly audit   esrecurse: [ '4.3.0' ],
16 silly audit   estraverse: [ '5.3.0' ],
16 silly audit   esutils: [ '2.0.3' ],
16 silly audit   'fast-deep-equal': [ '3.1.3' ],
16 silly audit   'fast-glob': [ '3.3.3' ],
16 silly audit   'glob-parent': [ '5.1.2', '6.0.2' ],
16 silly audit   'fast-json-stable-stringify': [ '2.1.0' ],
16 silly audit   'fast-levenshtein': [ '2.0.6' ],
16 silly audit   fastq: [ '1.20.1' ],
16 silly audit   'file-entry-cache': [ '6.0.1' ],
16 silly audit   'fill-range': [ '7.1.1' ],
16 silly audit   'find-up': [ '5.0.0' ],
16 silly audit   'flat-cache': [ '3.2.0' ],
16 silly audit   flatted: [ '3.3.4' ],
16 silly audit   'for-each': [ '0.3.5' ],
16 silly audit   'foreground-child': [ '3.3.1' ],
16 silly audit   'fs.realpath': [ '1.0.0' ],
16 silly audit   fsevents: [ '2.3.3' ],
16 silly audit   'function-bind': [ '1.1.2' ],
16 silly audit   'function.prototype.name': [ '1.1.8' ],
16 silly audit   'functions-have-names': [ '1.2.3' ],
16 silly audit   'generator-function': [ '2.0.1' ],
16 silly audit   'get-intrinsic': [ '1.3.0' ],
16 silly audit   'get-proto': [ '1.0.1' ],
16 silly audit   'get-symbol-description': [ '1.1.0' ],
16 silly audit   'get-tsconfig': [ '4.13.6' ],
16 silly audit   glob: [ '10.3.10', '7.2.3' ],
16 silly audit   globals: [ '13.24.0' ],
16 silly audit   globalthis: [ '1.0.4' ],
16 silly audit   globby: [ '11.1.0' ],
16 silly audit   gopd: [ '1.2.0' ],
16 silly audit   graphemer: [ '1.4.0' ],
16 silly audit   'has-bigints': [ '1.1.0' ],
16 silly audit   'has-flag': [ '4.0.0' ],
16 silly audit   'has-property-descriptors': [ '1.0.2' ],
16 silly audit   'has-proto': [ '1.2.0' ],
16 silly audit   'has-symbols': [ '1.1.0' ],
16 silly audit   'has-tostringtag': [ '1.0.2' ],
16 silly audit   hasown: [ '2.0.2' ],
16 silly audit   'iceberg-js': [ '0.8.1' ],
16 silly audit   ignore: [ '5.3.2' ],
16 silly audit   'import-fresh': [ '3.3.1' ],
16 silly audit   imurmurhash: [ '0.1.4' ],
16 silly audit   inflight: [ '1.0.6' ],
16 silly audit   inherits: [ '2.0.4' ],
16 silly audit   'internal-slot': [ '1.1.0' ],
16 silly audit   'is-array-buffer': [ '3.0.5' ],
16 silly audit   'is-async-function': [ '2.1.1' ],
16 silly audit   'is-bigint': [ '1.1.0' ],
16 silly audit   'is-boolean-object': [ '1.2.2' ],
16 silly audit   'is-bun-module': [ '2.0.0' ],
16 silly audit   'is-callable': [ '1.2.7' ],
16 silly audit   'is-core-module': [ '2.16.1' ],
16 silly audit   'is-data-view': [ '1.0.2' ],
16 silly audit   'is-date-object': [ '1.1.0' ],
16 silly audit   'is-extglob': [ '2.1.1' ],
16 silly audit   'is-finalizationregistry': [ '1.1.1' ],
16 silly audit   'is-fullwidth-code-point': [ '3.0.0' ],
16 silly audit   'is-generator-function': [ '1.1.2' ],
16 silly audit   'is-glob': [ '4.0.3' ],
16 silly audit   'is-map': [ '2.0.3' ],
16 silly audit   'is-negative-zero': [ '2.0.3' ],
16 silly audit   'is-number': [ '7.0.0' ],
16 silly audit   'is-number-object': [ '1.1.1' ],
16 silly audit   'is-path-inside': [ '3.0.3' ],
16 silly audit   'is-regex': [ '1.2.1' ],
16 silly audit   'is-set': [ '2.0.3' ],
16 silly audit   'is-shared-array-buffer': [ '1.0.4' ],
16 silly audit   'is-string': [ '1.1.1' ],
16 silly audit   'is-symbol': [ '1.1.1' ],
16 silly audit   'is-typed-array': [ '1.1.15' ],
16 silly audit   'is-weakmap': [ '2.0.2' ],
16 silly audit   'is-weakref': [ '1.1.1' ],
16 silly audit   'is-weakset': [ '2.0.4' ],
16 silly audit   isarray: [ '2.0.5' ],
16 silly audit   isexe: [ '2.0.0' ],
16 silly audit   'iterator.prototype': [ '1.1.5' ],
16 silly audit   jackspeak: [ '2.3.6' ],
16 silly audit   'js-tokens': [ '4.0.0' ],
16 silly audit   'js-yaml': [ '4.1.1' ],
16 silly audit   'json-buffer': [ '3.0.1' ],
16 silly audit   'json-schema-traverse': [ '0.4.1' ],
16 silly audit   'json-stable-stringify-without-jsonify': [ '1.0.1' ],
16 silly audit   json5: [ '1.0.2' ],
16 silly audit   'jsx-ast-utils': [ '3.3.5' ],
16 silly audit   keyv: [ '4.5.4' ],
16 silly audit   'language-subtag-registry': [ '0.3.23' ],
16 silly audit   'language-tags': [ '1.0.9' ],
16 silly audit   levn: [ '0.4.1' ],
16 silly audit   'locate-path': [ '6.0.0' ],
16 silly audit   'lodash.merge': [ '4.6.2' ],
16 silly audit   'loose-envify': [ '1.4.0' ],
16 silly audit   'lru-cache': [ '10.4.3' ],
16 silly audit   'math-intrinsics': [ '1.1.0' ],
16 silly audit   merge2: [ '1.4.1' ],
16 silly audit   micromatch: [ '4.0.8' ],
16 silly audit   minimist: [ '1.2.8' ],
16 silly audit   minipass: [ '7.1.3' ],
16 silly audit   ms: [ '2.1.3' ],
16 silly audit   nanoid: [ '3.3.11' ],
16 silly audit   'napi-postinstall': [ '0.3.4' ],
16 silly audit   'natural-compare': [ '1.4.0' ],
16 silly audit   next: [ '16.1.6' ],
16 silly audit   'node-exports-info': [ '1.6.0' ],
16 silly audit   'object-assign': [ '4.1.1' ],
16 silly audit   'object-inspect': [ '1.13.4' ],
16 silly audit   'object-keys': [ '1.1.1' ],
16 silly audit   'object.assign': [ '4.1.7' ],
16 silly audit   'object.entries': [ '1.1.9' ],
16 silly audit   'object.fromentries': [ '2.0.8' ],
16 silly audit   'object.groupby': [ '1.0.3' ],
16 silly audit   'object.values': [ '1.2.1' ],
16 silly audit   once: [ '1.4.0' ],
16 silly audit   optionator: [ '0.9.4' ],
16 silly audit   'own-keys': [ '1.0.1' ],
16 silly audit   'p-limit': [ '3.1.0' ],
16 silly audit   'p-locate': [ '5.0.0' ],
16 silly audit   'parent-module': [ '1.0.1' ],
16 silly audit   'path-exists': [ '4.0.0' ],
16 silly audit   'path-is-absolute': [ '1.0.1' ],
16 silly audit   'path-key': [ '3.1.1' ],
16 silly audit   'path-parse': [ '1.0.7' ],
16 silly audit   'path-scurry': [ '1.11.1' ],
16 silly audit   'path-type': [ '4.0.0' ],
16 silly audit   picocolors: [ '1.1.1' ],
16 silly audit   picomatch: [ '2.3.1', '4.0.3' ],
16 silly audit   'possible-typed-array-names': [ '1.1.0' ],
16 silly audit   postcss: [ '8.4.31' ],
16 silly audit   'prelude-ls': [ '1.2.1' ],
16 silly audit   prettier: [ '3.8.1' ],
16 silly audit   prisma: [ '5.22.0' ],
16 silly audit   'prop-types': [ '15.8.1' ],
16 silly audit   punycode: [ '2.3.1' ],
16 silly audit   'queue-microtask': [ '1.2.3' ],
16 silly audit   ramda: [ '0.29.1' ],
16 silly audit   react: [ '18.3.1' ],
16 silly audit   'react-dom': [ '18.3.1' ],
16 silly audit   'react-is': [ '16.13.1' ],
16 silly audit   'reflect.getprototypeof': [ '1.0.10' ],
16 silly audit   'regexp.prototype.flags': [ '1.5.4' ],
16 silly audit   'resolve-from': [ '4.0.0' ],
16 silly audit   'resolve-pkg-maps': [ '1.0.0' ],
16 silly audit   reusify: [ '1.1.0' ],
16 silly audit   rimraf: [ '3.0.2' ],
16 silly audit   'run-parallel': [ '1.2.0' ],
16 silly audit   'safe-array-concat': [ '1.1.3' ],
16 silly audit   'safe-push-apply': [ '1.0.0' ],
16 silly audit   'safe-regex-test': [ '1.1.0' ],
16 silly audit   scheduler: [ '0.23.2' ],
16 silly audit   'set-function-length': [ '1.2.2' ],
16 silly audit   'set-function-name': [ '2.0.2' ],
16 silly audit   'set-proto': [ '1.0.0' ],
16 silly audit   sharp: [ '0.34.5' ],
16 silly audit   'shebang-command': [ '2.0.0' ],
16 silly audit   'shebang-regex': [ '3.0.0' ],
16 silly audit   'side-channel': [ '1.1.0' ],
16 silly audit   'side-channel-list': [ '1.0.0' ],
16 silly audit   'side-channel-map': [ '1.0.1' ],
16 silly audit   'side-channel-weakmap': [ '1.0.2' ],
16 silly audit   'signal-exit': [ '4.1.0' ],
16 silly audit   slash: [ '3.0.0' ],
16 silly audit   'source-map-js': [ '1.2.1' ],
16 silly audit   'stable-hash': [ '0.0.5' ],
16 silly audit   'stop-iteration-iterator': [ '1.1.0' ],
16 silly audit   'string-width': [ '5.1.2', '4.2.3' ],
16 silly audit   'string.prototype.includes': [ '2.0.1' ],
16 silly audit   'string.prototype.matchall': [ '4.0.12' ],
16 silly audit   'string.prototype.repeat': [ '1.0.0' ],
16 silly audit   'string.prototype.trim': [ '1.2.10' ],
16 silly audit   'string.prototype.trimend': [ '1.0.9' ],
16 silly audit   'string.prototype.trimstart': [ '1.0.8' ],
16 silly audit   'strip-bom': [ '3.0.0' ],
16 silly audit   'strip-json-comments': [ '3.1.1' ],
16 silly audit   'styled-jsx': [ '5.1.6' ],
16 silly audit   'supports-color': [ '7.2.0' ],
16 silly audit   'supports-preserve-symlinks-flag': [ '1.0.0' ],
16 silly audit   'text-table': [ '0.2.0' ],
16 silly audit   tinyglobby: [ '0.2.15' ],
16 silly audit   fdir: [ '6.5.0' ],
16 silly audit   'to-regex-range': [ '5.0.1' ],
16 silly audit   'ts-api-utils': [ '1.4.3' ],
16 silly audit   'tsconfig-paths': [ '3.15.0' ],
16 silly audit   tslib: [ '2.8.1' ],
16 silly audit   'type-check': [ '0.4.0' ],
16 silly audit   'type-fest': [ '0.20.2' ],
16 silly audit   'typed-array-buffer': [ '1.0.3' ],
16 silly audit   'typed-array-byte-length': [ '1.0.3' ],
16 silly audit   'typed-array-byte-offset': [ '1.0.4' ],
16 silly audit   'typed-array-length': [ '1.0.7' ],
16 silly audit   typescript: [ '5.9.3' ],
16 silly audit   'unbox-primitive': [ '1.1.0' ],
16 silly audit   'undici-types': [ '6.21.0' ],
16 silly audit   'unrs-resolver': [ '1.11.1' ],
16 silly audit   'uri-js': [ '4.4.1' ],
16 silly audit   which: [ '2.0.2' ],
16 silly audit   'which-boxed-primitive': [ '1.1.1' ],
16 silly audit   'which-builtin-type': [ '1.2.1' ],
16 silly audit   'which-collection': [ '1.0.2' ],
16 silly audit   'which-typed-array': [ '1.1.20' ],
16 silly audit   'word-wrap': [ '1.2.5' ],
16 silly audit   'wrap-ansi': [ '8.1.0', '7.0.0' ],
16 silly audit   wrappy: [ '1.0.2' ],
16 silly audit   ws: [ '8.19.0' ],
16 silly audit   'yocto-queue': [ '0.1.0' ],
16 silly audit   zod: [ '3.25.76' ]
16 silly audit }
17 verbose reify failed optional dependency /Users/santiagovalencia/backend proyecto inf 1/Proyecto_Informatico/node_modules/@unrs/resolver-binding-win32-x64-msvc
18 silly reify mark deleted [
18 silly reify   '/Users/santiagovalencia/backend proyecto inf 1/Proyecto_Informatico/node_modules/@unrs/resolver-binding-win32-x64-msvc'
18 silly reify ]
19 verbose reify failed optional dependency /Users/santiagovalencia/backend proyecto inf 1/Proyecto_Informatico/node_modules/@unrs/resolver-binding-win32-ia32-msvc
20 silly reify mark deleted [
20 silly reify   '/Users/santiagovalencia/backend proyecto inf 1/Proyecto_Informatico/node_modules/@unrs/resolver-binding-win32-ia32-msvc'
20 silly reify ]
21 verbose reify failed optional dependency /Users/santiagovalencia/backend proyecto inf 1/Proyecto_Informatico/node_modules/@unrs/resolver-binding-win32-arm64-msvc
22 silly reify mark deleted [
22 silly reify   '/Users/santiagovalencia/backend proyecto inf 1/Proyecto_Informatico/node_modules/@unrs/resolver-binding-win32-arm64-msvc'
22 silly reify ]
23 verbose reify failed optional dependency /Users/santiagovalencia/backend proyecto inf 1/Proyecto_Informatico/node_modules/@unrs/resolver-binding-wasm32-wasi
24 silly reify mark deleted [
24 silly reify   '/Users/santiagovalencia/backend proyecto inf 1/Proyecto_Informatico/node_modules/@unrs/resolver-binding-wasm32-wasi'
24 silly reify ]
25 verbose reify failed optional dependency /Users/santiagovalencia/backend proyecto inf 1/Proyecto_Informatico/node_modules/@napi-rs/wasm-runtime
26 silly reify mark deleted [
26 silly reify   '/Users/santiagovalencia/backend proyecto inf 1/Proyecto_Informatico/node_modules/@napi-rs/wasm-runtime'
26 silly reify ]
27 verbose reify failed optional dependency /Users/santiagovalencia/backend proyecto inf 1/Proyecto_Informatico/node_modules/@emnapi/core
28 silly reify mark deleted [
28 silly reify   '/Users/santiagovalencia/backend proyecto inf 1/Proyecto_Informatico/node_modules/@emnapi/core'
28 silly reify ]
29 verbose reify failed optional dependency /Users/santiagovalencia/backend proyecto inf 1/Proyecto_Informatico/node_modules/@tybys/wasm-util
30 silly reify mark deleted [
30 silly reify   '/Users/santiagovalencia/backend proyecto inf 1/Proyecto_Informatico/node_modules/@tybys/wasm-util'
30 silly reify ]
31 verbose reify failed optional dependency /Users/santiagovalencia/backend proyecto inf 1/Proyecto_Informatico/node_modules/@emnapi/wasi-threads
32 silly reify mark deleted [
32 silly reify   '/Users/santiagovalencia/backend proyecto inf 1/Proyecto_Informatico/node_modules/@emnapi/wasi-threads'
32 silly reify ]
33 verbose reify failed optional dependency /Users/santiagovalencia/backend proyecto inf 1/Proyecto_Informatico/node_modules/@unrs/resolver-binding-linux-x64-musl
34 silly reify mark deleted [
34 silly reify   '/Users/santiagovalencia/backend proyecto inf 1/Proyecto_Informatico/node_modules/@unrs/resolver-binding-linux-x64-musl'
34 silly reify ]
35 verbose reify failed optional dependency /Users/santiagovalencia/backend proyecto inf 1/Proyecto_Informatico/node_modules/@unrs/resolver-binding-linux-x64-gnu
36 silly reify mark deleted [
36 silly reify   '/Users/santiagovalencia/backend proyecto inf 1/Proyecto_Informatico/node_modules/@unrs/resolver-binding-linux-x64-gnu'
36 silly reify ]
37 verbose reify failed optional dependency /Users/santiagovalencia/backend proyecto inf 1/Proyecto_Informatico/node_modules/@unrs/resolver-binding-linux-s390x-gnu
38 silly reify mark deleted [
38 silly reify   '/Users/santiagovalencia/backend proyecto inf 1/Proyecto_Informatico/node_modules/@unrs/resolver-binding-linux-s390x-gnu'
38 silly reify ]
39 verbose reify failed optional dependency /Users/santiagovalencia/backend proyecto inf 1/Proyecto_Informatico/node_modules/@unrs/resolver-binding-linux-riscv64-musl
40 silly reify mark deleted [
40 silly reify   '/Users/santiagovalencia/backend proyecto inf 1/Proyecto_Informatico/node_modules/@unrs/resolver-binding-linux-riscv64-musl'
40 silly reify ]
41 verbose reify failed optional dependency /Users/santiagovalencia/backend proyecto inf 1/Proyecto_Informatico/node_modules/@unrs/resolver-binding-linux-riscv64-gnu
42 silly reify mark deleted [
42 silly reify   '/Users/santiagovalencia/backend proyecto inf 1/Proyecto_Informatico/node_modules/@unrs/resolver-binding-linux-riscv64-gnu'
42 silly reify ]
43 verbose reify failed optional dependency /Users/santiagovalencia/backend proyecto inf 1/Proyecto_Informatico/node_modules/@unrs/resolver-binding-linux-ppc64-gnu
44 silly reify mark deleted [
44 silly reify   '/Users/santiagovalencia/backend proyecto inf 1/Proyecto_Informatico/node_modules/@unrs/resolver-binding-linux-ppc64-gnu'
44 silly reify ]
45 verbose reify failed optional dependency /Users/santiagovalencia/backend proyecto inf 1/Proyecto_Informatico/node_modules/@unrs/resolver-binding-linux-arm64-musl
46 silly reify mark deleted [
46 silly reify   '/Users/santiagovalencia/backend proyecto inf 1/Proyecto_Informatico/node_modules/@unrs/resolver-binding-linux-arm64-musl'
46 silly reify ]
47 verbose reify failed optional dependency /Users/santiagovalencia/backend proyecto inf 1/Proyecto_Informatico/node_modules/@unrs/resolver-binding-linux-arm64-gnu
48 silly reify mark deleted [
48 silly reify   '/Users/santiagovalencia/backend proyecto inf 1/Proyecto_Informatico/node_modules/@unrs/resolver-binding-linux-arm64-gnu'
48 silly reify ]
49 verbose reify failed optional dependency /Users/santiagovalencia/backend proyecto inf 1/Proyecto_Informatico/node_modules/@unrs/resolver-binding-linux-arm-musleabihf
50 silly reify mark deleted [
50 silly reify   '/Users/santiagovalencia/backend proyecto inf 1/Proyecto_Informatico/node_modules/@unrs/resolver-binding-linux-arm-musleabihf'
50 silly reify ]
51 verbose reify failed optional dependency /Users/santiagovalencia/backend proyecto inf 1/Proyecto_Informatico/node_modules/@unrs/resolver-binding-linux-arm-gnueabihf
52 silly reify mark deleted [
52 silly reify   '/Users/santiagovalencia/backend proyecto inf 1/Proyecto_Informatico/node_modules/@unrs/resolver-binding-linux-arm-gnueabihf'
52 silly reify ]
53 verbose reify failed optional dependency /Users/santiagovalencia/backend proyecto inf 1/Proyecto_Informatico/node_modules/@unrs/resolver-binding-freebsd-x64
54 silly reify mark deleted [
54 silly reify   '/Users/santiagovalencia/backend proyecto inf 1/Proyecto_Informatico/node_modules/@unrs/resolver-binding-freebsd-x64'
54 silly reify ]
55 verbose reify failed optional dependency /Users/santiagovalencia/backend proyecto inf 1/Proyecto_Informatico/node_modules/@unrs/resolver-binding-darwin-x64
56 silly reify mark deleted [
56 silly reify   '/Users/santiagovalencia/backend proyecto inf 1/Proyecto_Informatico/node_modules/@unrs/resolver-binding-darwin-x64'
56 silly reify ]
57 verbose reify failed optional dependency /Users/santiagovalencia/backend proyecto inf 1/Proyecto_Informatico/node_modules/@unrs/resolver-binding-android-arm64
58 silly reify mark deleted [
58 silly reify   '/Users/santiagovalencia/backend proyecto inf 1/Proyecto_Informatico/node_modules/@unrs/resolver-binding-android-arm64'
58 silly reify ]
59 verbose reify failed optional dependency /Users/santiagovalencia/backend proyecto inf 1/Proyecto_Informatico/node_modules/@unrs/resolver-binding-android-arm-eabi
60 silly reify mark deleted [
60 silly reify   '/Users/santiagovalencia/backend proyecto inf 1/Proyecto_Informatico/node_modules/@unrs/resolver-binding-android-arm-eabi'
60 silly reify ]
61 verbose reify failed optional dependency /Users/santiagovalencia/backend proyecto inf 1/Proyecto_Informatico/node_modules/@next/swc-win32-x64-msvc
62 silly reify mark deleted [
62 silly reify   '/Users/santiagovalencia/backend proyecto inf 1/Proyecto_Informatico/node_modules/@next/swc-win32-x64-msvc'
62 silly reify ]
63 verbose reify failed optional dependency /Users/santiagovalencia/backend proyecto inf 1/Proyecto_Informatico/node_modules/@next/swc-win32-arm64-msvc
64 silly reify mark deleted [
64 silly reify   '/Users/santiagovalencia/backend proyecto inf 1/Proyecto_Informatico/node_modules/@next/swc-win32-arm64-msvc'
64 silly reify ]
65 verbose reify failed optional dependency /Users/santiagovalencia/backend proyecto inf 1/Proyecto_Informatico/node_modules/@next/swc-linux-x64-musl
66 silly reify mark deleted [
66 silly reify   '/Users/santiagovalencia/backend proyecto inf 1/Proyecto_Informatico/node_modules/@next/swc-linux-x64-musl'
66 silly reify ]
67 verbose reify failed optional dependency /Users/santiagovalencia/backend proyecto inf 1/Proyecto_Informatico/node_modules/@next/swc-linux-x64-gnu
68 silly reify mark deleted [
68 silly reify   '/Users/santiagovalencia/backend proyecto inf 1/Proyecto_Informatico/node_modules/@next/swc-linux-x64-gnu'
68 silly reify ]
69 verbose reify failed optional dependency /Users/santiagovalencia/backend proyecto inf 1/Proyecto_Informatico/node_modules/@next/swc-linux-arm64-musl
70 silly reify mark deleted [
70 silly reify   '/Users/santiagovalencia/backend proyecto inf 1/Proyecto_Informatico/node_modules/@next/swc-linux-arm64-musl'
70 silly reify ]
71 verbose reify failed optional dependency /Users/santiagovalencia/backend proyecto inf 1/Proyecto_Informatico/node_modules/@next/swc-linux-arm64-gnu
72 silly reify mark deleted [
72 silly reify   '/Users/santiagovalencia/backend proyecto inf 1/Proyecto_Informatico/node_modules/@next/swc-linux-arm64-gnu'
72 silly reify ]
73 verbose reify failed optional dependency /Users/santiagovalencia/backend proyecto inf 1/Proyecto_Informatico/node_modules/@next/swc-darwin-x64
74 silly reify mark deleted [
74 silly reify   '/Users/santiagovalencia/backend proyecto inf 1/Proyecto_Informatico/node_modules/@next/swc-darwin-x64'
74 silly reify ]
75 verbose reify failed optional dependency /Users/santiagovalencia/backend proyecto inf 1/Proyecto_Informatico/node_modules/@img/sharp-win32-x64
76 silly reify mark deleted [
76 silly reify   '/Users/santiagovalencia/backend proyecto inf 1/Proyecto_Informatico/node_modules/@img/sharp-win32-x64'
76 silly reify ]
77 verbose reify failed optional dependency /Users/santiagovalencia/backend proyecto inf 1/Proyecto_Informatico/node_modules/@img/sharp-win32-ia32
78 silly reify mark deleted [
78 silly reify   '/Users/santiagovalencia/backend proyecto inf 1/Proyecto_Informatico/node_modules/@img/sharp-win32-ia32'
78 silly reify ]
79 verbose reify failed optional dependency /Users/santiagovalencia/backend proyecto inf 1/Proyecto_Informatico/node_modules/@img/sharp-win32-arm64
80 silly reify mark deleted [
80 silly reify   '/Users/santiagovalencia/backend proyecto inf 1/Proyecto_Informatico/node_modules/@img/sharp-win32-arm64'
80 silly reify ]
81 verbose reify failed optional dependency /Users/santiagovalencia/backend proyecto inf 1/Proyecto_Informatico/node_modules/@img/sharp-wasm32
82 silly reify mark deleted [
82 silly reify   '/Users/santiagovalencia/backend proyecto inf 1/Proyecto_Informatico/node_modules/@img/sharp-wasm32'
82 silly reify ]
83 verbose reify failed optional dependency /Users/santiagovalencia/backend proyecto inf 1/Proyecto_Informatico/node_modules/@img/sharp-linuxmusl-x64
84 silly reify mark deleted [
84 silly reify   '/Users/santiagovalencia/backend proyecto inf 1/Proyecto_Informatico/node_modules/@img/sharp-linuxmusl-x64'
84 silly reify ]
85 verbose reify failed optional dependency /Users/santiagovalencia/backend proyecto inf 1/Proyecto_Informatico/node_modules/@img/sharp-linuxmusl-arm64
86 silly reify mark deleted [
86 silly reify   '/Users/santiagovalencia/backend proyecto inf 1/Proyecto_Informatico/node_modules/@img/sharp-linuxmusl-arm64'
86 silly reify ]
87 verbose reify failed optional dependency /Users/santiagovalencia/backend proyecto inf 1/Proyecto_Informatico/node_modules/@img/sharp-linux-x64
88 silly reify mark deleted [
88 silly reify   '/Users/santiagovalencia/backend proyecto inf 1/Proyecto_Informatico/node_modules/@img/sharp-linux-x64'
88 silly reify ]
89 verbose reify failed optional dependency /Users/santiagovalencia/backend proyecto inf 1/Proyecto_Informatico/node_modules/@img/sharp-linux-s390x
90 silly reify mark deleted [
90 silly reify   '/Users/santiagovalencia/backend proyecto inf 1/Proyecto_Informatico/node_modules/@img/sharp-linux-s390x'
90 silly reify ]
91 verbose reify failed optional dependency /Users/santiagovalencia/backend proyecto inf 1/Proyecto_Informatico/node_modules/@img/sharp-linux-riscv64
92 silly reify mark deleted [
92 silly reify   '/Users/santiagovalencia/backend proyecto inf 1/Proyecto_Informatico/node_modules/@img/sharp-linux-riscv64'
92 silly reify ]
93 verbose reify failed optional dependency /Users/santiagovalencia/backend proyecto inf 1/Proyecto_Informatico/node_modules/@img/sharp-linux-ppc64
94 silly reify mark deleted [
94 silly reify   '/Users/santiagovalencia/backend proyecto inf 1/Proyecto_Informatico/node_modules/@img/sharp-linux-ppc64'
94 silly reify ]
95 verbose reify failed optional dependency /Users/santiagovalencia/backend proyecto inf 1/Proyecto_Informatico/node_modules/@img/sharp-linux-arm64
96 silly reify mark deleted [
96 silly reify   '/Users/santiagovalencia/backend proyecto inf 1/Proyecto_Informatico/node_modules/@img/sharp-linux-arm64'
96 silly reify ]
97 verbose reify failed optional dependency /Users/santiagovalencia/backend proyecto inf 1/Proyecto_Informatico/node_modules/@img/sharp-linux-arm
98 silly reify mark deleted [
98 silly reify   '/Users/santiagovalencia/backend proyecto inf 1/Proyecto_Informatico/node_modules/@img/sharp-linux-arm'
98 silly reify ]
99 verbose reify failed optional dependency /Users/santiagovalencia/backend proyecto inf 1/Proyecto_Informatico/node_modules/@img/sharp-libvips-linuxmusl-x64
100 silly reify mark deleted [
100 silly reify   '/Users/santiagovalencia/backend proyecto inf 1/Proyecto_Informatico/node_modules/@img/sharp-libvips-linuxmusl-x64'
100 silly reify ]
101 verbose reify failed optional dependency /Users/santiagovalencia/backend proyecto inf 1/Proyecto_Informatico/node_modules/@img/sharp-libvips-linuxmusl-arm64
102 silly reify mark deleted [
102 silly reify   '/Users/santiagovalencia/backend proyecto inf 1/Proyecto_Informatico/node_modules/@img/sharp-libvips-linuxmusl-arm64'
102 silly reify ]
103 verbose reify failed optional dependency /Users/santiagovalencia/backend proyecto inf 1/Proyecto_Informatico/node_modules/@img/sharp-libvips-linux-x64
104 silly reify mark deleted [
104 silly reify   '/Users/santiagovalencia/backend proyecto inf 1/Proyecto_Informatico/node_modules/@img/sharp-libvips-linux-x64'
104 silly reify ]
105 verbose reify failed optional dependency /Users/santiagovalencia/backend proyecto inf 1/Proyecto_Informatico/node_modules/@img/sharp-libvips-linux-s390x
106 silly reify mark deleted [
106 silly reify   '/Users/santiagovalencia/backend proyecto inf 1/Proyecto_Informatico/node_modules/@img/sharp-libvips-linux-s390x'
106 silly reify ]
107 verbose reify failed optional dependency /Users/santiagovalencia/backend proyecto inf 1/Proyecto_Informatico/node_modules/@img/sharp-libvips-linux-riscv64
108 silly reify mark deleted [
108 silly reify   '/Users/santiagovalencia/backend proyecto inf 1/Proyecto_Informatico/node_modules/@img/sharp-libvips-linux-riscv64'
108 silly reify ]
109 verbose reify failed optional dependency /Users/santiagovalencia/backend proyecto inf 1/Proyecto_Informatico/node_modules/@img/sharp-libvips-linux-ppc64
110 silly reify mark deleted [
110 silly reify   '/Users/santiagovalencia/backend proyecto inf 1/Proyecto_Informatico/node_modules/@img/sharp-libvips-linux-ppc64'
110 silly reify ]
111 verbose reify failed optional dependency /Users/santiagovalencia/backend proyecto inf 1/Proyecto_Informatico/node_modules/@img/sharp-libvips-linux-arm64
112 silly reify mark deleted [
112 silly reify   '/Users/santiagovalencia/backend proyecto inf 1/Proyecto_Informatico/node_modules/@img/sharp-libvips-linux-arm64'
112 silly reify ]
113 verbose reify failed optional dependency /Users/santiagovalencia/backend proyecto inf 1/Proyecto_Informatico/node_modules/@img/sharp-libvips-linux-arm
114 silly reify mark deleted [
114 silly reify   '/Users/santiagovalencia/backend proyecto inf 1/Proyecto_Informatico/node_modules/@img/sharp-libvips-linux-arm'
114 silly reify ]
115 verbose reify failed optional dependency /Users/santiagovalencia/backend proyecto inf 1/Proyecto_Informatico/node_modules/@img/sharp-libvips-darwin-x64
116 silly reify mark deleted [
116 silly reify   '/Users/santiagovalencia/backend proyecto inf 1/Proyecto_Informatico/node_modules/@img/sharp-libvips-darwin-x64'
116 silly reify ]
117 verbose reify failed optional dependency /Users/santiagovalencia/backend proyecto inf 1/Proyecto_Informatico/node_modules/@img/sharp-darwin-x64
118 silly reify mark deleted [
118 silly reify   '/Users/santiagovalencia/backend proyecto inf 1/Proyecto_Informatico/node_modules/@img/sharp-darwin-x64'
118 silly reify ]
119 http cache zod@https://registry.npmjs.org/zod/-/zod-3.25.76.tgz 0ms (cache hit)
120 http cache ws@https://registry.npmjs.org/ws/-/ws-8.19.0.tgz 0ms (cache hit)
121 http cache yocto-queue@https://registry.npmjs.org/yocto-queue/-/yocto-queue-0.1.0.tgz 1ms (cache hit)
122 http cache wrap-ansi-cjs@https://registry.npmjs.org/wrap-ansi/-/wrap-ansi-7.0.0.tgz 0ms (cache hit)
123 http cache wrap-ansi@https://registry.npmjs.org/wrap-ansi/-/wrap-ansi-8.1.0.tgz 0ms (cache hit)
124 http cache word-wrap@https://registry.npmjs.org/word-wrap/-/word-wrap-1.2.5.tgz 0ms (cache hit)
125 http cache wrappy@https://registry.npmjs.org/wrappy/-/wrappy-1.0.2.tgz 0ms (cache hit)
126 http cache which-typed-array@https://registry.npmjs.org/which-typed-array/-/which-typed-array-1.1.20.tgz 0ms (cache hit)
127 http cache which-builtin-type@https://registry.npmjs.org/which-builtin-type/-/which-builtin-type-1.2.1.tgz 0ms (cache hit)
128 http cache which-collection@https://registry.npmjs.org/which-collection/-/which-collection-1.0.2.tgz 0ms (cache hit)
129 http cache which-boxed-primitive@https://registry.npmjs.org/which-boxed-primitive/-/which-boxed-primitive-1.1.1.tgz 0ms (cache hit)
130 http cache which@https://registry.npmjs.org/which/-/which-2.0.2.tgz 0ms (cache hit)
131 http cache uri-js@https://registry.npmjs.org/uri-js/-/uri-js-4.4.1.tgz 0ms (cache hit)
132 http cache unrs-resolver@https://registry.npmjs.org/unrs-resolver/-/unrs-resolver-1.11.1.tgz 0ms (cache hit)
133 http cache undici-types@https://registry.npmjs.org/undici-types/-/undici-types-6.21.0.tgz 0ms (cache hit)
134 http cache unbox-primitive@https://registry.npmjs.org/unbox-primitive/-/unbox-primitive-1.1.0.tgz 0ms (cache hit)
135 http cache typescript@https://registry.npmjs.org/typescript/-/typescript-5.9.3.tgz 0ms (cache hit)
136 http cache typed-array-length@https://registry.npmjs.org/typed-array-length/-/typed-array-length-1.0.7.tgz 0ms (cache hit)
137 http cache typed-array-byte-offset@https://registry.npmjs.org/typed-array-byte-offset/-/typed-array-byte-offset-1.0.4.tgz 0ms (cache hit)
138 http cache typed-array-byte-length@https://registry.npmjs.org/typed-array-byte-length/-/typed-array-byte-length-1.0.3.tgz 0ms (cache hit)
139 http cache type-fest@https://registry.npmjs.org/type-fest/-/type-fest-0.20.2.tgz 0ms (cache hit)
140 http cache typed-array-buffer@https://registry.npmjs.org/typed-array-buffer/-/typed-array-buffer-1.0.3.tgz 0ms (cache hit)
141 http cache type-check@https://registry.npmjs.org/type-check/-/type-check-0.4.0.tgz 0ms (cache hit)
142 http cache tslib@https://registry.npmjs.org/tslib/-/tslib-2.8.1.tgz 0ms (cache hit)
143 http cache tsconfig-paths@https://registry.npmjs.org/tsconfig-paths/-/tsconfig-paths-3.15.0.tgz 0ms (cache hit)
144 http cache ts-api-utils@https://registry.npmjs.org/ts-api-utils/-/ts-api-utils-1.4.3.tgz 0ms (cache hit)
145 http cache tinyglobby@https://registry.npmjs.org/tinyglobby/-/tinyglobby-0.2.15.tgz 0ms (cache hit)
146 http cache to-regex-range@https://registry.npmjs.org/to-regex-range/-/to-regex-range-5.0.1.tgz 0ms (cache hit)
147 http cache text-table@https://registry.npmjs.org/text-table/-/text-table-0.2.0.tgz 0ms (cache hit)
148 http cache supports-preserve-symlinks-flag@https://registry.npmjs.org/supports-preserve-symlinks-flag/-/supports-preserve-symlinks-flag-1.0.0.tgz 0ms (cache hit)
149 http cache supports-color@https://registry.npmjs.org/supports-color/-/supports-color-7.2.0.tgz 0ms (cache hit)
150 http cache strip-json-comments@https://registry.npmjs.org/strip-json-comments/-/strip-json-comments-3.1.1.tgz 0ms (cache hit)
151 http cache styled-jsx@https://registry.npmjs.org/styled-jsx/-/styled-jsx-5.1.6.tgz 0ms (cache hit)
152 http cache strip-bom@https://registry.npmjs.org/strip-bom/-/strip-bom-3.0.0.tgz 0ms (cache hit)
153 http cache strip-ansi-cjs@https://registry.npmjs.org/strip-ansi/-/strip-ansi-6.0.1.tgz 0ms (cache hit)
154 http cache strip-ansi@https://registry.npmjs.org/strip-ansi/-/strip-ansi-6.0.1.tgz 0ms (cache hit)
155 http cache string.prototype.trimend@https://registry.npmjs.org/string.prototype.trimend/-/string.prototype.trimend-1.0.9.tgz 0ms (cache hit)
156 http cache string.prototype.trimstart@https://registry.npmjs.org/string.prototype.trimstart/-/string.prototype.trimstart-1.0.8.tgz 0ms (cache hit)
157 http cache string.prototype.trim@https://registry.npmjs.org/string.prototype.trim/-/string.prototype.trim-1.2.10.tgz 0ms (cache hit)
158 http cache string.prototype.repeat@https://registry.npmjs.org/string.prototype.repeat/-/string.prototype.repeat-1.0.0.tgz 0ms (cache hit)
159 http cache string.prototype.matchall@https://registry.npmjs.org/string.prototype.matchall/-/string.prototype.matchall-4.0.12.tgz 0ms (cache hit)
160 http cache string.prototype.includes@https://registry.npmjs.org/string.prototype.includes/-/string.prototype.includes-2.0.1.tgz 0ms (cache hit)
161 http cache string-width-cjs@https://registry.npmjs.org/string-width/-/string-width-4.2.3.tgz 0ms (cache hit)
162 http cache string-width@https://registry.npmjs.org/string-width/-/string-width-5.1.2.tgz 0ms (cache hit)
163 http cache stop-iteration-iterator@https://registry.npmjs.org/stop-iteration-iterator/-/stop-iteration-iterator-1.1.0.tgz 0ms (cache hit)
164 http cache stable-hash@https://registry.npmjs.org/stable-hash/-/stable-hash-0.0.5.tgz 0ms (cache hit)
165 http cache source-map-js@https://registry.npmjs.org/source-map-js/-/source-map-js-1.2.1.tgz 0ms (cache hit)
166 http cache slash@https://registry.npmjs.org/slash/-/slash-3.0.0.tgz 0ms (cache hit)
167 http cache signal-exit@https://registry.npmjs.org/signal-exit/-/signal-exit-4.1.0.tgz 0ms (cache hit)
168 http cache side-channel-weakmap@https://registry.npmjs.org/side-channel-weakmap/-/side-channel-weakmap-1.0.2.tgz 0ms (cache hit)
169 http cache side-channel-map@https://registry.npmjs.org/side-channel-map/-/side-channel-map-1.0.1.tgz 0ms (cache hit)
170 http cache side-channel@https://registry.npmjs.org/side-channel/-/side-channel-1.1.0.tgz 0ms (cache hit)
171 http cache shebang-regex@https://registry.npmjs.org/shebang-regex/-/shebang-regex-3.0.0.tgz 0ms (cache hit)
172 http cache side-channel-list@https://registry.npmjs.org/side-channel-list/-/side-channel-list-1.0.0.tgz 0ms (cache hit)
173 http cache shebang-command@https://registry.npmjs.org/shebang-command/-/shebang-command-2.0.0.tgz 0ms (cache hit)
174 http cache sharp@https://registry.npmjs.org/sharp/-/sharp-0.34.5.tgz 0ms (cache hit)
175 http cache set-proto@https://registry.npmjs.org/set-proto/-/set-proto-1.0.0.tgz 0ms (cache hit)
176 http cache set-function-name@https://registry.npmjs.org/set-function-name/-/set-function-name-2.0.2.tgz 0ms (cache hit)
177 http cache set-function-length@https://registry.npmjs.org/set-function-length/-/set-function-length-1.2.2.tgz 0ms (cache hit)
178 http cache semver@https://registry.npmjs.org/semver/-/semver-7.7.4.tgz 0ms (cache hit)
179 http cache scheduler@https://registry.npmjs.org/scheduler/-/scheduler-0.23.2.tgz 0ms (cache hit)
180 http cache safe-regex-test@https://registry.npmjs.org/safe-regex-test/-/safe-regex-test-1.1.0.tgz 0ms (cache hit)
181 http cache safe-push-apply@https://registry.npmjs.org/safe-push-apply/-/safe-push-apply-1.0.0.tgz 0ms (cache hit)
182 http cache safe-array-concat@https://registry.npmjs.org/safe-array-concat/-/safe-array-concat-1.1.3.tgz 0ms (cache hit)
183 http cache run-parallel@https://registry.npmjs.org/run-parallel/-/run-parallel-1.2.0.tgz 0ms (cache hit)
184 http cache rimraf@https://registry.npmjs.org/rimraf/-/rimraf-3.0.2.tgz 0ms (cache hit)
185 http cache resolve-from@https://registry.npmjs.org/resolve-from/-/resolve-from-4.0.0.tgz 0ms (cache hit)
186 http cache reusify@https://registry.npmjs.org/reusify/-/reusify-1.1.0.tgz 0ms (cache hit)
187 http cache resolve-pkg-maps@https://registry.npmjs.org/resolve-pkg-maps/-/resolve-pkg-maps-1.0.0.tgz 0ms (cache hit)
188 http cache resolve@https://registry.npmjs.org/resolve/-/resolve-1.22.11.tgz 0ms (cache hit)
189 http cache regexp.prototype.flags@https://registry.npmjs.org/regexp.prototype.flags/-/regexp.prototype.flags-1.5.4.tgz 0ms (cache hit)
190 http cache reflect.getprototypeof@https://registry.npmjs.org/reflect.getprototypeof/-/reflect.getprototypeof-1.0.10.tgz 0ms (cache hit)
191 http cache react-is@https://registry.npmjs.org/react-is/-/react-is-16.13.1.tgz 0ms (cache hit)
192 http cache react@https://registry.npmjs.org/react/-/react-18.3.1.tgz 0ms (cache hit)
193 http cache react-dom@https://registry.npmjs.org/react-dom/-/react-dom-18.3.1.tgz 0ms (cache hit)
194 http cache queue-microtask@https://registry.npmjs.org/queue-microtask/-/queue-microtask-1.2.3.tgz 0ms (cache hit)
195 http cache ramda@https://registry.npmjs.org/ramda/-/ramda-0.29.1.tgz 0ms (cache hit)
196 http cache punycode@https://registry.npmjs.org/punycode/-/punycode-2.3.1.tgz 0ms (cache hit)
197 http cache prop-types@https://registry.npmjs.org/prop-types/-/prop-types-15.8.1.tgz 0ms (cache hit)
198 http cache prisma@https://registry.npmjs.org/prisma/-/prisma-5.22.0.tgz 0ms (cache hit)
199 http cache prettier@https://registry.npmjs.org/prettier/-/prettier-3.8.1.tgz 0ms (cache hit)
200 http cache postcss@https://registry.npmjs.org/postcss/-/postcss-8.4.31.tgz 0ms (cache hit)
201 http cache prelude-ls@https://registry.npmjs.org/prelude-ls/-/prelude-ls-1.2.1.tgz 0ms (cache hit)
202 http cache picomatch@https://registry.npmjs.org/picomatch/-/picomatch-2.3.1.tgz 0ms (cache hit)
203 http cache possible-typed-array-names@https://registry.npmjs.org/possible-typed-array-names/-/possible-typed-array-names-1.1.0.tgz 0ms (cache hit)
204 http cache picocolors@https://registry.npmjs.org/picocolors/-/picocolors-1.1.1.tgz 0ms (cache hit)
205 http cache path-type@https://registry.npmjs.org/path-type/-/path-type-4.0.0.tgz 0ms (cache hit)
206 http cache path-scurry@https://registry.npmjs.org/path-scurry/-/path-scurry-1.11.1.tgz 0ms (cache hit)
207 http cache path-parse@https://registry.npmjs.org/path-parse/-/path-parse-1.0.7.tgz 0ms (cache hit)
208 http cache path-key@https://registry.npmjs.org/path-key/-/path-key-3.1.1.tgz 0ms (cache hit)
209 http cache path-is-absolute@https://registry.npmjs.org/path-is-absolute/-/path-is-absolute-1.0.1.tgz 0ms (cache hit)
210 http cache path-exists@https://registry.npmjs.org/path-exists/-/path-exists-4.0.0.tgz 0ms (cache hit)
211 http cache parent-module@https://registry.npmjs.org/parent-module/-/parent-module-1.0.1.tgz 0ms (cache hit)
212 http cache p-locate@https://registry.npmjs.org/p-locate/-/p-locate-5.0.0.tgz 0ms (cache hit)
213 http cache p-limit@https://registry.npmjs.org/p-limit/-/p-limit-3.1.0.tgz 0ms (cache hit)
214 http cache own-keys@https://registry.npmjs.org/own-keys/-/own-keys-1.0.1.tgz 0ms (cache hit)
215 http cache once@https://registry.npmjs.org/once/-/once-1.4.0.tgz 0ms (cache hit)
216 http cache optionator@https://registry.npmjs.org/optionator/-/optionator-0.9.4.tgz 0ms (cache hit)
217 http cache object.values@https://registry.npmjs.org/object.values/-/object.values-1.2.1.tgz 0ms (cache hit)
218 http cache object.groupby@https://registry.npmjs.org/object.groupby/-/object.groupby-1.0.3.tgz 0ms (cache hit)
219 http cache object.entries@https://registry.npmjs.org/object.entries/-/object.entries-1.1.9.tgz 0ms (cache hit)
220 http cache object.assign@https://registry.npmjs.org/object.assign/-/object.assign-4.1.7.tgz 0ms (cache hit)
221 http cache object.fromentries@https://registry.npmjs.org/object.fromentries/-/object.fromentries-2.0.8.tgz 0ms (cache hit)
222 http cache object-keys@https://registry.npmjs.org/object-keys/-/object-keys-1.1.1.tgz 0ms (cache hit)
223 http cache object-inspect@https://registry.npmjs.org/object-inspect/-/object-inspect-1.13.4.tgz 0ms (cache hit)
224 http cache object-assign@https://registry.npmjs.org/object-assign/-/object-assign-4.1.1.tgz 0ms (cache hit)
225 http cache node-exports-info@https://registry.npmjs.org/node-exports-info/-/node-exports-info-1.6.0.tgz 0ms (cache hit)
226 http cache natural-compare@https://registry.npmjs.org/natural-compare/-/natural-compare-1.4.0.tgz 0ms (cache hit)
227 http cache napi-postinstall@https://registry.npmjs.org/napi-postinstall/-/napi-postinstall-0.3.4.tgz 0ms (cache hit)
228 http cache next@https://registry.npmjs.org/next/-/next-16.1.6.tgz 0ms (cache hit)
229 http cache nanoid@https://registry.npmjs.org/nanoid/-/nanoid-3.3.11.tgz 0ms (cache hit)
230 http cache ms@https://registry.npmjs.org/ms/-/ms-2.1.3.tgz 0ms (cache hit)
231 http cache minimist@https://registry.npmjs.org/minimist/-/minimist-1.2.8.tgz 0ms (cache hit)
232 http cache minimatch@https://registry.npmjs.org/minimatch/-/minimatch-3.1.5.tgz 0ms (cache hit)
233 http cache minipass@https://registry.npmjs.org/minipass/-/minipass-7.1.3.tgz 0ms (cache hit)
234 http cache micromatch@https://registry.npmjs.org/micromatch/-/micromatch-4.0.8.tgz 0ms (cache hit)
235 http cache merge2@https://registry.npmjs.org/merge2/-/merge2-1.4.1.tgz 0ms (cache hit)
236 http cache math-intrinsics@https://registry.npmjs.org/math-intrinsics/-/math-intrinsics-1.1.0.tgz 0ms (cache hit)
237 http cache lru-cache@https://registry.npmjs.org/lru-cache/-/lru-cache-10.4.3.tgz 0ms (cache hit)
238 http cache loose-envify@https://registry.npmjs.org/loose-envify/-/loose-envify-1.4.0.tgz 0ms (cache hit)
239 http cache lodash.merge@https://registry.npmjs.org/lodash.merge/-/lodash.merge-4.6.2.tgz 0ms (cache hit)
240 http cache locate-path@https://registry.npmjs.org/locate-path/-/locate-path-6.0.0.tgz 0ms (cache hit)
241 http cache language-tags@https://registry.npmjs.org/language-tags/-/language-tags-1.0.9.tgz 0ms (cache hit)
242 http cache levn@https://registry.npmjs.org/levn/-/levn-0.4.1.tgz 0ms (cache hit)
243 http cache language-subtag-registry@https://registry.npmjs.org/language-subtag-registry/-/language-subtag-registry-0.3.23.tgz 0ms (cache hit)
244 http cache keyv@https://registry.npmjs.org/keyv/-/keyv-4.5.4.tgz 0ms (cache hit)
245 http cache jsx-ast-utils@https://registry.npmjs.org/jsx-ast-utils/-/jsx-ast-utils-3.3.5.tgz 0ms (cache hit)
246 http cache json5@https://registry.npmjs.org/json5/-/json5-1.0.2.tgz 0ms (cache hit)
247 http cache json-stable-stringify-without-jsonify@https://registry.npmjs.org/json-stable-stringify-without-jsonify/-/json-stable-stringify-without-jsonify-1.0.1.tgz 0ms (cache hit)
248 http cache json-schema-traverse@https://registry.npmjs.org/json-schema-traverse/-/json-schema-traverse-0.4.1.tgz 0ms (cache hit)
249 http cache json-buffer@https://registry.npmjs.org/json-buffer/-/json-buffer-3.0.1.tgz 0ms (cache hit)
250 http cache js-yaml@https://registry.npmjs.org/js-yaml/-/js-yaml-4.1.1.tgz 0ms (cache hit)
251 http cache js-tokens@https://registry.npmjs.org/js-tokens/-/js-tokens-4.0.0.tgz 0ms (cache hit)
252 http cache jackspeak@https://registry.npmjs.org/jackspeak/-/jackspeak-2.3.6.tgz 0ms (cache hit)
253 http cache iterator.prototype@https://registry.npmjs.org/iterator.prototype/-/iterator.prototype-1.1.5.tgz 0ms (cache hit)
254 http cache isexe@https://registry.npmjs.org/isexe/-/isexe-2.0.0.tgz 0ms (cache hit)
255 http cache isarray@https://registry.npmjs.org/isarray/-/isarray-2.0.5.tgz 0ms (cache hit)
256 http cache is-weakset@https://registry.npmjs.org/is-weakset/-/is-weakset-2.0.4.tgz 0ms (cache hit)
257 http cache is-weakmap@https://registry.npmjs.org/is-weakmap/-/is-weakmap-2.0.2.tgz 0ms (cache hit)
258 http cache is-weakref@https://registry.npmjs.org/is-weakref/-/is-weakref-1.1.1.tgz 0ms (cache hit)
259 http cache is-typed-array@https://registry.npmjs.org/is-typed-array/-/is-typed-array-1.1.15.tgz 0ms (cache hit)
260 http cache is-string@https://registry.npmjs.org/is-string/-/is-string-1.1.1.tgz 0ms (cache hit)
261 http cache is-shared-array-buffer@https://registry.npmjs.org/is-shared-array-buffer/-/is-shared-array-buffer-1.0.4.tgz 0ms (cache hit)
262 http cache is-symbol@https://registry.npmjs.org/is-symbol/-/is-symbol-1.1.1.tgz 0ms (cache hit)
263 http cache is-regex@https://registry.npmjs.org/is-regex/-/is-regex-1.2.1.tgz 0ms (cache hit)
264 http cache is-path-inside@https://registry.npmjs.org/is-path-inside/-/is-path-inside-3.0.3.tgz 0ms (cache hit)
265 http cache is-number-object@https://registry.npmjs.org/is-number-object/-/is-number-object-1.1.1.tgz 0ms (cache hit)
266 http cache is-set@https://registry.npmjs.org/is-set/-/is-set-2.0.3.tgz 0ms (cache hit)
267 http cache is-negative-zero@https://registry.npmjs.org/is-negative-zero/-/is-negative-zero-2.0.3.tgz 0ms (cache hit)
268 http cache is-map@https://registry.npmjs.org/is-map/-/is-map-2.0.3.tgz 0ms (cache hit)
269 http cache is-number@https://registry.npmjs.org/is-number/-/is-number-7.0.0.tgz 0ms (cache hit)
270 http cache is-glob@https://registry.npmjs.org/is-glob/-/is-glob-4.0.3.tgz 0ms (cache hit)
271 http cache is-generator-function@https://registry.npmjs.org/is-generator-function/-/is-generator-function-1.1.2.tgz 0ms (cache hit)
272 http cache is-fullwidth-code-point@https://registry.npmjs.org/is-fullwidth-code-point/-/is-fullwidth-code-point-3.0.0.tgz 0ms (cache hit)
273 http cache is-finalizationregistry@https://registry.npmjs.org/is-finalizationregistry/-/is-finalizationregistry-1.1.1.tgz 0ms (cache hit)
274 http cache is-extglob@https://registry.npmjs.org/is-extglob/-/is-extglob-2.1.1.tgz 0ms (cache hit)
275 http cache is-date-object@https://registry.npmjs.org/is-date-object/-/is-date-object-1.1.0.tgz 0ms (cache hit)
276 http cache is-data-view@https://registry.npmjs.org/is-data-view/-/is-data-view-1.0.2.tgz 0ms (cache hit)
277 http cache is-core-module@https://registry.npmjs.org/is-core-module/-/is-core-module-2.16.1.tgz 0ms (cache hit)
278 http cache is-callable@https://registry.npmjs.org/is-callable/-/is-callable-1.2.7.tgz 0ms (cache hit)
279 http cache is-bun-module@https://registry.npmjs.org/is-bun-module/-/is-bun-module-2.0.0.tgz 0ms (cache hit)
280 http cache is-boolean-object@https://registry.npmjs.org/is-boolean-object/-/is-boolean-object-1.2.2.tgz 0ms (cache hit)
281 http cache is-bigint@https://registry.npmjs.org/is-bigint/-/is-bigint-1.1.0.tgz 0ms (cache hit)
282 http cache is-array-buffer@https://registry.npmjs.org/is-array-buffer/-/is-array-buffer-3.0.5.tgz 0ms (cache hit)
283 http cache internal-slot@https://registry.npmjs.org/internal-slot/-/internal-slot-1.1.0.tgz 0ms (cache hit)
284 http cache inherits@https://registry.npmjs.org/inherits/-/inherits-2.0.4.tgz 0ms (cache hit)
285 http cache inflight@https://registry.npmjs.org/inflight/-/inflight-1.0.6.tgz 0ms (cache hit)
286 http cache imurmurhash@https://registry.npmjs.org/imurmurhash/-/imurmurhash-0.1.4.tgz 0ms (cache hit)
287 http cache import-fresh@https://registry.npmjs.org/import-fresh/-/import-fresh-3.3.1.tgz 0ms (cache hit)
288 http cache ignore@https://registry.npmjs.org/ignore/-/ignore-5.3.2.tgz 0ms (cache hit)
289 http cache iceberg-js@https://registry.npmjs.org/iceberg-js/-/iceberg-js-0.8.1.tgz 0ms (cache hit)
290 http cache hasown@https://registry.npmjs.org/hasown/-/hasown-2.0.2.tgz 0ms (cache hit)
291 http cache has-tostringtag@https://registry.npmjs.org/has-tostringtag/-/has-tostringtag-1.0.2.tgz 0ms (cache hit)
292 http cache has-symbols@https://registry.npmjs.org/has-symbols/-/has-symbols-1.1.0.tgz 0ms (cache hit)
293 http cache has-proto@https://registry.npmjs.org/has-proto/-/has-proto-1.2.0.tgz 0ms (cache hit)
294 http cache has-property-descriptors@https://registry.npmjs.org/has-property-descriptors/-/has-property-descriptors-1.0.2.tgz 0ms (cache hit)
295 http cache has-flag@https://registry.npmjs.org/has-flag/-/has-flag-4.0.0.tgz 0ms (cache hit)
296 http cache has-bigints@https://registry.npmjs.org/has-bigints/-/has-bigints-1.1.0.tgz 0ms (cache hit)
297 http cache graphemer@https://registry.npmjs.org/graphemer/-/graphemer-1.4.0.tgz 0ms (cache hit)
298 http cache gopd@https://registry.npmjs.org/gopd/-/gopd-1.2.0.tgz 0ms (cache hit)
299 http cache is-async-function@https://registry.npmjs.org/is-async-function/-/is-async-function-2.1.1.tgz 0ms (cache hit)
300 http cache globby@https://registry.npmjs.org/globby/-/globby-11.1.0.tgz 0ms (cache hit)
301 http cache globalthis@https://registry.npmjs.org/globalthis/-/globalthis-1.0.4.tgz 0ms (cache hit)
302 http cache globals@https://registry.npmjs.org/globals/-/globals-13.24.0.tgz 0ms (cache hit)
303 http cache glob-parent@https://registry.npmjs.org/glob-parent/-/glob-parent-6.0.2.tgz 0ms (cache hit)
304 http cache glob@https://registry.npmjs.org/glob/-/glob-10.3.10.tgz 0ms (cache hit)
305 http cache get-tsconfig@https://registry.npmjs.org/get-tsconfig/-/get-tsconfig-4.13.6.tgz 0ms (cache hit)
306 http cache get-symbol-description@https://registry.npmjs.org/get-symbol-description/-/get-symbol-description-1.1.0.tgz 0ms (cache hit)
307 http cache get-proto@https://registry.npmjs.org/get-proto/-/get-proto-1.0.1.tgz 0ms (cache hit)
308 http cache get-intrinsic@https://registry.npmjs.org/get-intrinsic/-/get-intrinsic-1.3.0.tgz 0ms (cache hit)
309 http cache generator-function@https://registry.npmjs.org/generator-function/-/generator-function-2.0.1.tgz 0ms (cache hit)
310 http cache functions-have-names@https://registry.npmjs.org/functions-have-names/-/functions-have-names-1.2.3.tgz 0ms (cache hit)
311 http cache function-bind@https://registry.npmjs.org/function-bind/-/function-bind-1.1.2.tgz 0ms (cache hit)
312 http cache function.prototype.name@https://registry.npmjs.org/function.prototype.name/-/function.prototype.name-1.1.8.tgz 0ms (cache hit)
313 http cache fsevents@https://registry.npmjs.org/fsevents/-/fsevents-2.3.3.tgz 0ms (cache hit)
314 http cache fs.realpath@https://registry.npmjs.org/fs.realpath/-/fs.realpath-1.0.0.tgz 0ms (cache hit)
315 http cache foreground-child@https://registry.npmjs.org/foreground-child/-/foreground-child-3.3.1.tgz 0ms (cache hit)
316 http cache for-each@https://registry.npmjs.org/for-each/-/for-each-0.3.5.tgz 0ms (cache hit)
317 http cache flatted@https://registry.npmjs.org/flatted/-/flatted-3.3.4.tgz 0ms (cache hit)
318 http cache find-up@https://registry.npmjs.org/find-up/-/find-up-5.0.0.tgz 0ms (cache hit)
319 http cache file-entry-cache@https://registry.npmjs.org/file-entry-cache/-/file-entry-cache-6.0.1.tgz 0ms (cache hit)
320 http cache fill-range@https://registry.npmjs.org/fill-range/-/fill-range-7.1.1.tgz 0ms (cache hit)
321 http cache flat-cache@https://registry.npmjs.org/flat-cache/-/flat-cache-3.2.0.tgz 0ms (cache hit)
322 http cache fast-levenshtein@https://registry.npmjs.org/fast-levenshtein/-/fast-levenshtein-2.0.6.tgz 0ms (cache hit)
323 http cache fast-glob@https://registry.npmjs.org/fast-glob/-/fast-glob-3.3.3.tgz 0ms (cache hit)
324 http cache fast-json-stable-stringify@https://registry.npmjs.org/fast-json-stable-stringify/-/fast-json-stable-stringify-2.1.0.tgz 0ms (cache hit)
325 http cache esutils@https://registry.npmjs.org/esutils/-/esutils-2.0.3.tgz 0ms (cache hit)
326 http cache fastq@https://registry.npmjs.org/fastq/-/fastq-1.20.1.tgz 0ms (cache hit)
327 http cache estraverse@https://registry.npmjs.org/estraverse/-/estraverse-5.3.0.tgz 0ms (cache hit)
328 http cache esrecurse@https://registry.npmjs.org/esrecurse/-/esrecurse-4.3.0.tgz 0ms (cache hit)
329 http cache esquery@https://registry.npmjs.org/esquery/-/esquery-1.7.0.tgz 0ms (cache hit)
330 http cache espree@https://registry.npmjs.org/espree/-/espree-9.6.1.tgz 0ms (cache hit)
331 http cache eslint-visitor-keys@https://registry.npmjs.org/eslint-visitor-keys/-/eslint-visitor-keys-3.4.3.tgz 0ms (cache hit)
332 http cache eslint-scope@https://registry.npmjs.org/eslint-scope/-/eslint-scope-7.2.2.tgz 0ms (cache hit)
333 http cache eslint-plugin-react-hooks@https://registry.npmjs.org/eslint-plugin-react-hooks/-/eslint-plugin-react-hooks-5.0.0-canary-7118f5dd7-20230705.tgz 0ms (cache hit)
334 http cache fast-deep-equal@https://registry.npmjs.org/fast-deep-equal/-/fast-deep-equal-3.1.3.tgz 0ms (cache hit)
335 http cache eslint-plugin-react@https://registry.npmjs.org/eslint-plugin-react/-/eslint-plugin-react-7.37.5.tgz 0ms (cache hit)
336 http cache eslint-plugin-jsx-a11y@https://registry.npmjs.org/eslint-plugin-jsx-a11y/-/eslint-plugin-jsx-a11y-6.10.2.tgz 0ms (cache hit)
337 http cache eslint-plugin-import@https://registry.npmjs.org/eslint-plugin-import/-/eslint-plugin-import-2.32.0.tgz 0ms (cache hit)
338 http cache eslint-import-resolver-typescript@https://registry.npmjs.org/eslint-import-resolver-typescript/-/eslint-import-resolver-typescript-3.10.1.tgz 0ms (cache hit)
339 http cache eslint-import-resolver-node@https://registry.npmjs.org/eslint-import-resolver-node/-/eslint-import-resolver-node-0.3.9.tgz 0ms (cache hit)
340 http cache eslint-config-next@https://registry.npmjs.org/eslint-config-next/-/eslint-config-next-14.1.0.tgz 0ms (cache hit)
341 http cache eslint@https://registry.npmjs.org/eslint/-/eslint-8.57.1.tgz 0ms (cache hit)
342 http cache escape-string-regexp@https://registry.npmjs.org/escape-string-regexp/-/escape-string-regexp-4.0.0.tgz 0ms (cache hit)
343 http cache eslint-module-utils@https://registry.npmjs.org/eslint-module-utils/-/eslint-module-utils-2.12.1.tgz 0ms (cache hit)
344 http cache es-to-primitive@https://registry.npmjs.org/es-to-primitive/-/es-to-primitive-1.3.0.tgz 0ms (cache hit)
345 http cache es-shim-unscopables@https://registry.npmjs.org/es-shim-unscopables/-/es-shim-unscopables-1.1.0.tgz 0ms (cache hit)
346 http cache es-set-tostringtag@https://registry.npmjs.org/es-set-tostringtag/-/es-set-tostringtag-2.1.0.tgz 0ms (cache hit)
347 http cache es-object-atoms@https://registry.npmjs.org/es-object-atoms/-/es-object-atoms-1.1.1.tgz 0ms (cache hit)
348 http cache es-iterator-helpers@https://registry.npmjs.org/es-iterator-helpers/-/es-iterator-helpers-1.2.2.tgz 0ms (cache hit)
349 http cache es-errors@https://registry.npmjs.org/es-errors/-/es-errors-1.3.0.tgz 0ms (cache hit)
350 http cache es-abstract@https://registry.npmjs.org/es-abstract/-/es-abstract-1.24.1.tgz 0ms (cache hit)
351 http cache es-define-property@https://registry.npmjs.org/es-define-property/-/es-define-property-1.0.1.tgz 0ms (cache hit)
352 http cache emoji-regex@https://registry.npmjs.org/emoji-regex/-/emoji-regex-9.2.2.tgz 0ms (cache hit)
353 http cache eastasianwidth@https://registry.npmjs.org/eastasianwidth/-/eastasianwidth-0.2.0.tgz 0ms (cache hit)
354 http cache dunder-proto@https://registry.npmjs.org/dunder-proto/-/dunder-proto-1.0.1.tgz 0ms (cache hit)
355 http cache doctrine@https://registry.npmjs.org/doctrine/-/doctrine-3.0.0.tgz 0ms (cache hit)
356 http cache dir-glob@https://registry.npmjs.org/dir-glob/-/dir-glob-3.0.1.tgz 0ms (cache hit)
357 http cache detect-libc@https://registry.npmjs.org/detect-libc/-/detect-libc-2.1.2.tgz 0ms (cache hit)
358 http cache define-properties@https://registry.npmjs.org/define-properties/-/define-properties-1.2.1.tgz 0ms (cache hit)
359 http cache define-data-property@https://registry.npmjs.org/define-data-property/-/define-data-property-1.1.4.tgz 0ms (cache hit)
360 http cache deep-is@https://registry.npmjs.org/deep-is/-/deep-is-0.1.4.tgz 0ms (cache hit)
361 http cache debug@https://registry.npmjs.org/debug/-/debug-4.4.3.tgz 0ms (cache hit)
362 http cache data-view-byte-offset@https://registry.npmjs.org/data-view-byte-offset/-/data-view-byte-offset-1.0.1.tgz 0ms (cache hit)
363 http cache data-view-byte-length@https://registry.npmjs.org/data-view-byte-length/-/data-view-byte-length-1.0.2.tgz 0ms (cache hit)
364 http cache data-view-buffer@https://registry.npmjs.org/data-view-buffer/-/data-view-buffer-1.0.2.tgz 0ms (cache hit)
365 http cache damerau-levenshtein@https://registry.npmjs.org/damerau-levenshtein/-/damerau-levenshtein-1.0.8.tgz 0ms (cache hit)
366 http cache csstype@https://registry.npmjs.org/csstype/-/csstype-3.2.3.tgz 0ms (cache hit)
367 http cache cross-spawn@https://registry.npmjs.org/cross-spawn/-/cross-spawn-7.0.6.tgz 0ms (cache hit)
368 http cache cookie@https://registry.npmjs.org/cookie/-/cookie-0.5.0.tgz 0ms (cache hit)
369 http cache concat-map@https://registry.npmjs.org/concat-map/-/concat-map-0.0.1.tgz 0ms (cache hit)
370 http cache color-name@https://registry.npmjs.org/color-name/-/color-name-1.1.4.tgz 0ms (cache hit)
371 http cache client-only@https://registry.npmjs.org/client-only/-/client-only-0.0.1.tgz 0ms (cache hit)
372 http cache chalk@https://registry.npmjs.org/chalk/-/chalk-4.1.2.tgz 0ms (cache hit)
373 http cache caniuse-lite@https://registry.npmjs.org/caniuse-lite/-/caniuse-lite-1.0.30001777.tgz 0ms (cache hit)
374 http cache callsites@https://registry.npmjs.org/callsites/-/callsites-3.1.0.tgz 0ms (cache hit)
375 http cache call-bound@https://registry.npmjs.org/call-bound/-/call-bound-1.0.4.tgz 0ms (cache hit)
376 http cache call-bind-apply-helpers@https://registry.npmjs.org/call-bind-apply-helpers/-/call-bind-apply-helpers-1.0.2.tgz 0ms (cache hit)
377 http cache color-convert@https://registry.npmjs.org/color-convert/-/color-convert-2.0.1.tgz 0ms (cache hit)
378 http cache brace-expansion@https://registry.npmjs.org/brace-expansion/-/brace-expansion-1.1.12.tgz 0ms (cache hit)
379 http cache braces@https://registry.npmjs.org/braces/-/braces-3.0.3.tgz 0ms (cache hit)
380 http cache balanced-match@https://registry.npmjs.org/balanced-match/-/balanced-match-1.0.2.tgz 0ms (cache hit)
381 http cache baseline-browser-mapping@https://registry.npmjs.org/baseline-browser-mapping/-/baseline-browser-mapping-2.10.0.tgz 0ms (cache hit)
382 http cache axe-core@https://registry.npmjs.org/axe-core/-/axe-core-4.11.1.tgz 0ms (cache hit)
383 http cache available-typed-arrays@https://registry.npmjs.org/available-typed-arrays/-/available-typed-arrays-1.0.7.tgz 0ms (cache hit)
384 http cache async-function@https://registry.npmjs.org/async-function/-/async-function-1.0.0.tgz 0ms (cache hit)
385 http cache axobject-query@https://registry.npmjs.org/axobject-query/-/axobject-query-4.1.0.tgz 0ms (cache hit)
386 http cache arraybuffer.prototype.slice@https://registry.npmjs.org/arraybuffer.prototype.slice/-/arraybuffer.prototype.slice-1.0.4.tgz 0ms (cache hit)
387 http cache ast-types-flow@https://registry.npmjs.org/ast-types-flow/-/ast-types-flow-0.0.8.tgz 0ms (cache hit)
388 http cache array.prototype.tosorted@https://registry.npmjs.org/array.prototype.tosorted/-/array.prototype.tosorted-1.1.4.tgz 0ms (cache hit)
389 http cache array.prototype.flatmap@https://registry.npmjs.org/array.prototype.flatmap/-/array.prototype.flatmap-1.3.3.tgz 0ms (cache hit)
390 http cache array.prototype.flat@https://registry.npmjs.org/array.prototype.flat/-/array.prototype.flat-1.3.3.tgz 0ms (cache hit)
391 http cache array.prototype.findlastindex@https://registry.npmjs.org/array.prototype.findlastindex/-/array.prototype.findlastindex-1.2.6.tgz 0ms (cache hit)
392 http cache array.prototype.findlast@https://registry.npmjs.org/array.prototype.findlast/-/array.prototype.findlast-1.2.5.tgz 0ms (cache hit)
393 http cache array-union@https://registry.npmjs.org/array-union/-/array-union-2.1.0.tgz 0ms (cache hit)
394 http cache array-includes@https://registry.npmjs.org/array-includes/-/array-includes-3.1.9.tgz 0ms (cache hit)
395 http cache array-buffer-byte-length@https://registry.npmjs.org/array-buffer-byte-length/-/array-buffer-byte-length-1.0.2.tgz 0ms (cache hit)
396 http cache aria-query@https://registry.npmjs.org/aria-query/-/aria-query-5.3.2.tgz 0ms (cache hit)
397 http cache argparse@https://registry.npmjs.org/argparse/-/argparse-2.0.1.tgz 0ms (cache hit)
398 http cache ansi-styles@https://registry.npmjs.org/ansi-styles/-/ansi-styles-4.3.0.tgz 0ms (cache hit)
399 http cache ansi-regex@https://registry.npmjs.org/ansi-regex/-/ansi-regex-5.0.1.tgz 0ms (cache hit)
400 http cache ajv@https://registry.npmjs.org/ajv/-/ajv-6.14.0.tgz 0ms (cache hit)
401 http cache acorn-jsx@https://registry.npmjs.org/acorn-jsx/-/acorn-jsx-5.3.2.tgz 0ms (cache hit)
402 http cache acorn@https://registry.npmjs.org/acorn/-/acorn-8.16.0.tgz 0ms (cache hit)
403 http cache @unrs/resolver-binding-darwin-arm64@https://registry.npmjs.org/@unrs/resolver-binding-darwin-arm64/-/resolver-binding-darwin-arm64-1.11.1.tgz 0ms (cache hit)
404 http cache @ungap/structured-clone@https://registry.npmjs.org/@ungap/structured-clone/-/structured-clone-1.3.0.tgz 0ms (cache hit)
405 http cache @typescript-eslint/visitor-keys@https://registry.npmjs.org/@typescript-eslint/visitor-keys/-/visitor-keys-6.21.0.tgz 0ms (cache hit)
406 http cache @typescript-eslint/typescript-estree@https://registry.npmjs.org/@typescript-eslint/typescript-estree/-/typescript-estree-6.21.0.tgz 0ms (cache hit)
407 http cache @typescript-eslint/types@https://registry.npmjs.org/@typescript-eslint/types/-/types-6.21.0.tgz 0ms (cache hit)
408 http cache @typescript-eslint/scope-manager@https://registry.npmjs.org/@typescript-eslint/scope-manager/-/scope-manager-6.21.0.tgz 0ms (cache hit)
409 http cache @typescript-eslint/parser@https://registry.npmjs.org/@typescript-eslint/parser/-/parser-6.21.0.tgz 0ms (cache hit)
410 http cache call-bind@https://registry.npmjs.org/call-bind/-/call-bind-1.0.8.tgz 0ms (cache hit)
411 http cache @types/ws@https://registry.npmjs.org/@types/ws/-/ws-8.18.1.tgz 0ms (cache hit)
412 http cache @types/react-dom@https://registry.npmjs.org/@types/react-dom/-/react-dom-18.3.7.tgz 0ms (cache hit)
413 http cache @types/react@https://registry.npmjs.org/@types/react/-/react-18.3.28.tgz 0ms (cache hit)
414 http cache @types/phoenix@https://registry.npmjs.org/@types/phoenix/-/phoenix-1.6.7.tgz 0ms (cache hit)
415 http cache @types/prop-types@https://registry.npmjs.org/@types/prop-types/-/prop-types-15.7.15.tgz 0ms (cache hit)
416 http cache @types/node@https://registry.npmjs.org/@types/node/-/node-20.19.37.tgz 0ms (cache hit)
417 http cache @types/json5@https://registry.npmjs.org/@types/json5/-/json5-0.0.29.tgz 0ms (cache hit)
418 http cache @tybys/wasm-util@https://registry.npmjs.org/@tybys/wasm-util/-/wasm-util-0.10.1.tgz 0ms (cache hit)
419 http cache @swc/helpers@https://registry.npmjs.org/@swc/helpers/-/helpers-0.5.15.tgz 0ms (cache hit)
420 http cache @supabase/supabase-js@https://registry.npmjs.org/@supabase/supabase-js/-/supabase-js-2.98.0.tgz 0ms (cache hit)
421 http cache @supabase/storage-js@https://registry.npmjs.org/@supabase/storage-js/-/storage-js-2.98.0.tgz 0ms (cache hit)
422 http cache @supabase/ssr@https://registry.npmjs.org/@supabase/ssr/-/ssr-0.3.0.tgz 0ms (cache hit)
423 http cache @supabase/realtime-js@https://registry.npmjs.org/@supabase/realtime-js/-/realtime-js-2.98.0.tgz 0ms (cache hit)
424 http cache @supabase/postgrest-js@https://registry.npmjs.org/@supabase/postgrest-js/-/postgrest-js-2.98.0.tgz 0ms (cache hit)
425 http cache @supabase/functions-js@https://registry.npmjs.org/@supabase/functions-js/-/functions-js-2.98.0.tgz 0ms (cache hit)
426 http cache @supabase/auth-js@https://registry.npmjs.org/@supabase/auth-js/-/auth-js-2.98.0.tgz 0ms (cache hit)
427 http cache @rushstack/eslint-patch@https://registry.npmjs.org/@rushstack/eslint-patch/-/eslint-patch-1.16.1.tgz 0ms (cache hit)
428 http cache @rtsao/scc@https://registry.npmjs.org/@rtsao/scc/-/scc-1.1.0.tgz 0ms (cache hit)
429 http cache @prisma/get-platform@https://registry.npmjs.org/@prisma/get-platform/-/get-platform-5.22.0.tgz 0ms (cache hit)
430 http cache @prisma/fetch-engine@https://registry.npmjs.org/@prisma/fetch-engine/-/fetch-engine-5.22.0.tgz 0ms (cache hit)
431 http cache @prisma/engines-version@https://registry.npmjs.org/@prisma/engines-version/-/engines-version-5.22.0-44.605197351a3c8bdd595af2d2a9bc3025bca48ea2.tgz 0ms (cache hit)
432 http cache @prisma/engines@https://registry.npmjs.org/@prisma/engines/-/engines-5.22.0.tgz 0ms (cache hit)
433 http cache @prisma/debug@https://registry.npmjs.org/@prisma/debug/-/debug-5.22.0.tgz 0ms (cache hit)
434 http cache @prisma/client@https://registry.npmjs.org/@prisma/client/-/client-5.22.0.tgz 0ms (cache hit)
435 http cache @pkgjs/parseargs@https://registry.npmjs.org/@pkgjs/parseargs/-/parseargs-0.11.0.tgz 0ms (cache hit)
436 http cache @nolyfill/is-core-module@https://registry.npmjs.org/@nolyfill/is-core-module/-/is-core-module-1.0.39.tgz 0ms (cache hit)
437 http cache @nodelib/fs.walk@https://registry.npmjs.org/@nodelib/fs.walk/-/fs.walk-1.2.8.tgz 0ms (cache hit)
438 http cache @nodelib/fs.stat@https://registry.npmjs.org/@nodelib/fs.stat/-/fs.stat-2.0.5.tgz 0ms (cache hit)
439 http cache @nodelib/fs.scandir@https://registry.npmjs.org/@nodelib/fs.scandir/-/fs.scandir-2.1.5.tgz 0ms (cache hit)
440 http cache @next/swc-darwin-arm64@https://registry.npmjs.org/@next/swc-darwin-arm64/-/swc-darwin-arm64-16.1.6.tgz 0ms (cache hit)
441 http cache @next/eslint-plugin-next@https://registry.npmjs.org/@next/eslint-plugin-next/-/eslint-plugin-next-14.1.0.tgz 0ms (cache hit)
442 http cache @next/env@https://registry.npmjs.org/@next/env/-/env-16.1.6.tgz 0ms (cache hit)
443 http cache @napi-rs/wasm-runtime@https://registry.npmjs.org/@napi-rs/wasm-runtime/-/wasm-runtime-0.2.12.tgz 0ms (cache hit)
444 http cache @isaacs/cliui@https://registry.npmjs.org/@isaacs/cliui/-/cliui-8.0.2.tgz 0ms (cache hit)
445 http cache @img/sharp-libvips-darwin-arm64@https://registry.npmjs.org/@img/sharp-libvips-darwin-arm64/-/sharp-libvips-darwin-arm64-1.2.4.tgz 0ms (cache hit)
446 http cache @img/sharp-darwin-arm64@https://registry.npmjs.org/@img/sharp-darwin-arm64/-/sharp-darwin-arm64-0.34.5.tgz 0ms (cache hit)
447 http cache @img/colour@https://registry.npmjs.org/@img/colour/-/colour-1.1.0.tgz 0ms (cache hit)
448 http cache @humanwhocodes/object-schema@https://registry.npmjs.org/@humanwhocodes/object-schema/-/object-schema-2.0.3.tgz 0ms (cache hit)
449 http cache @humanwhocodes/module-importer@https://registry.npmjs.org/@humanwhocodes/module-importer/-/module-importer-1.0.1.tgz 0ms (cache hit)
450 http cache @humanwhocodes/config-array@https://registry.npmjs.org/@humanwhocodes/config-array/-/config-array-0.13.0.tgz 0ms (cache hit)
451 http cache @eslint/js@https://registry.npmjs.org/@eslint/js/-/js-8.57.1.tgz 0ms (cache hit)
452 http cache @eslint/eslintrc@https://registry.npmjs.org/@eslint/eslintrc/-/eslintrc-2.1.4.tgz 0ms (cache hit)
453 http cache @eslint-community/regexpp@https://registry.npmjs.org/@eslint-community/regexpp/-/regexpp-4.12.2.tgz 0ms (cache hit)
454 http cache @eslint-community/eslint-utils@https://registry.npmjs.org/@eslint-community/eslint-utils/-/eslint-utils-4.9.1.tgz 0ms (cache hit)
455 http cache @emnapi/wasi-threads@https://registry.npmjs.org/@emnapi/wasi-threads/-/wasi-threads-1.1.0.tgz 0ms (cache hit)
456 http cache @emnapi/runtime@https://registry.npmjs.org/@emnapi/runtime/-/runtime-1.8.1.tgz 0ms (cache hit)
457 http cache @emnapi/core@https://registry.npmjs.org/@emnapi/core/-/core-1.8.1.tgz 0ms (cache hit)
458 http cache string-width@https://registry.npmjs.org/string-width/-/string-width-4.2.3.tgz 0ms (cache hit)
459 http cache emoji-regex@https://registry.npmjs.org/emoji-regex/-/emoji-regex-8.0.0.tgz 0ms (cache hit)
460 http cache strip-ansi@https://registry.npmjs.org/strip-ansi/-/strip-ansi-7.2.0.tgz 0ms (cache hit)
461 http cache ansi-styles@https://registry.npmjs.org/ansi-styles/-/ansi-styles-6.2.3.tgz 0ms (cache hit)
462 http cache ansi-regex@https://registry.npmjs.org/ansi-regex/-/ansi-regex-6.2.2.tgz 0ms (cache hit)
463 http cache picomatch@https://registry.npmjs.org/picomatch/-/picomatch-4.0.3.tgz 0ms (cache hit)
464 http cache fdir@https://registry.npmjs.org/fdir/-/fdir-6.5.0.tgz 0ms (cache hit)
465 http cache emoji-regex@https://registry.npmjs.org/emoji-regex/-/emoji-regex-8.0.0.tgz 0ms (cache hit)
466 http cache strip-ansi@https://registry.npmjs.org/strip-ansi/-/strip-ansi-7.2.0.tgz 0ms (cache hit)
467 http cache ansi-regex@https://registry.npmjs.org/ansi-regex/-/ansi-regex-6.2.2.tgz 0ms (cache hit)
468 http cache glob@https://registry.npmjs.org/glob/-/glob-7.2.3.tgz 0ms (cache hit)
469 http cache semver@https://registry.npmjs.org/semver/-/semver-6.3.1.tgz 0ms (cache hit)
470 http cache minimatch@https://registry.npmjs.org/minimatch/-/minimatch-9.0.9.tgz 0ms (cache hit)
471 http cache brace-expansion@https://registry.npmjs.org/brace-expansion/-/brace-expansion-2.0.2.tgz 0ms (cache hit)
472 http cache glob-parent@https://registry.npmjs.org/glob-parent/-/glob-parent-5.1.2.tgz 0ms (cache hit)
473 http cache semver@https://registry.npmjs.org/semver/-/semver-6.3.1.tgz 0ms (cache hit)
474 http cache resolve@https://registry.npmjs.org/resolve/-/resolve-2.0.0-next.6.tgz 0ms (cache hit)
475 http cache doctrine@https://registry.npmjs.org/doctrine/-/doctrine-2.1.0.tgz 0ms (cache hit)
476 http cache semver@https://registry.npmjs.org/semver/-/semver-6.3.1.tgz 0ms (cache hit)
477 http cache doctrine@https://registry.npmjs.org/doctrine/-/doctrine-2.1.0.tgz 0ms (cache hit)
478 http cache debug@https://registry.npmjs.org/debug/-/debug-3.2.7.tgz 0ms (cache hit)
479 http cache debug@https://registry.npmjs.org/debug/-/debug-3.2.7.tgz 0ms (cache hit)
480 http cache debug@https://registry.npmjs.org/debug/-/debug-3.2.7.tgz 0ms (cache hit)
481 http cache minimatch@https://registry.npmjs.org/minimatch/-/minimatch-9.0.3.tgz 0ms (cache hit)
482 http cache brace-expansion@https://registry.npmjs.org/brace-expansion/-/brace-expansion-2.0.2.tgz 0ms (cache hit)
483 http cache ansi-regex@https://registry.npmjs.org/ansi-regex/-/ansi-regex-6.2.2.tgz 0ms (cache hit)
484 http cache strip-ansi@https://registry.npmjs.org/strip-ansi/-/strip-ansi-7.2.0.tgz 0ms (cache hit)
485 warn deprecated inflight@1.0.6: This module is not supported, and leaks memory. Do not use it. Check out lru-cache if you want a good and tested way to coalesce async requests by a key value, which is much more comprehensive and powerful.
486 warn deprecated @humanwhocodes/config-array@0.13.0: Use @eslint/config-array instead
487 warn deprecated rimraf@3.0.2: Rimraf versions prior to v4 are no longer supported
488 warn deprecated @humanwhocodes/object-schema@2.0.3: Use @eslint/object-schema instead
489 warn deprecated glob@7.2.3: Old versions of glob are not supported, and contain widely publicized security vulnerabilities, which have been fixed in the current version. Please update. Support for old versions may be purchased (at exorbitant rates) by contacting i@izs.me
490 warn deprecated glob@10.3.10: Old versions of glob are not supported, and contain widely publicized security vulnerabilities, which have been fixed in the current version. Please update. Support for old versions may be purchased (at exorbitant rates) by contacting i@izs.me
491 http fetch POST 200 https://registry.npmjs.org/-/npm/v1/security/advisories/bulk 1938ms
492 silly audit report {
492 silly audit report   minimatch: [
492 silly audit report     {
492 silly audit report       id: 1113465,
492 silly audit report       url: 'https://github.com/advisories/GHSA-3ppc-4f35-3m26',
492 silly audit report       title: 'minimatch has a ReDoS via repeated wildcards with non-matching literal in pattern',
492 silly audit report       severity: 'high',
492 silly audit report       vulnerable_versions: '>=9.0.0 <9.0.6',
492 silly audit report       cwe: [Array],
492 silly audit report       cvss: [Object]
492 silly audit report     },
492 silly audit report     {
492 silly audit report       id: 1113544,
492 silly audit report       url: 'https://github.com/advisories/GHSA-7r86-cg39-jmmj',
492 silly audit report       title: 'minimatch has ReDoS: matchOne() combinatorial backtracking via multiple non-adjacent GLOBSTAR segments',
492 silly audit report       severity: 'high',
492 silly audit report       vulnerable_versions: '>=9.0.0 <9.0.7',
492 silly audit report       cwe: [Array],
492 silly audit report       cvss: [Object]
492 silly audit report     },
492 silly audit report     {
492 silly audit report       id: 1113552,
492 silly audit report       url: 'https://github.com/advisories/GHSA-23c5-xmqv-rm74',
492 silly audit report       title: 'minimatch ReDoS: nested *() extglobs generate catastrophically backtracking regular expressions',
492 silly audit report       severity: 'high',
492 silly audit report       vulnerable_versions: '>=9.0.0 <9.0.7',
492 silly audit report       cwe: [Array],
492 silly audit report       cvss: [Object]
492 silly audit report     }
492 silly audit report   ],
492 silly audit report   cookie: [
492 silly audit report     {
492 silly audit report       id: 1103907,
492 silly audit report       url: 'https://github.com/advisories/GHSA-pxg6-pf52-xh8x',
492 silly audit report       title: 'cookie accepts cookie name, path, and domain with out of bounds characters',
492 silly audit report       severity: 'low',
492 silly audit report       vulnerable_versions: '<0.7.0',
492 silly audit report       cwe: [Array],
492 silly audit report       cvss: [Object]
492 silly audit report     }
492 silly audit report   ],
492 silly audit report   flatted: [
492 silly audit report     {
492 silly audit report       id: 1114526,
492 silly audit report       url: 'https://github.com/advisories/GHSA-25h7-pfq9-p65f',
492 silly audit report       title: 'flatted vulnerable to unbounded recursion DoS in parse() revive phase',
492 silly audit report       severity: 'high',
492 silly audit report       vulnerable_versions: '<3.4.0',
492 silly audit report       cwe: [Array],
492 silly audit report       cvss: [Object]
492 silly audit report     }
492 silly audit report   ],
492 silly audit report   glob: [
492 silly audit report     {
492 silly audit report       id: 1109842,
492 silly audit report       url: 'https://github.com/advisories/GHSA-5j98-mcp5-4vw2',
492 silly audit report       title: 'glob CLI: Command injection via -c/--cmd executes matches with shell:true',
492 silly audit report       severity: 'high',
492 silly audit report       vulnerable_versions: '>=10.2.0 <10.5.0',
492 silly audit report       cwe: [Array],
492 silly audit report       cvss: [Object]
492 silly audit report     }
492 silly audit report   ]
492 silly audit report }
493 silly packumentCache corgi:https://registry.npmjs.org/minimatch cache-miss
494 silly packumentCache corgi:https://registry.npmjs.org/cookie cache-miss
495 silly packumentCache corgi:https://registry.npmjs.org/flatted cache-miss
496 silly packumentCache corgi:https://registry.npmjs.org/glob cache-miss
497 http fetch GET 200 https://registry.npmjs.org/minimatch 162ms (cache revalidated)
498 silly packumentCache corgi:https://registry.npmjs.org/minimatch set size:167610 disposed:false
499 http fetch GET 200 https://registry.npmjs.org/glob 417ms (cache revalidated)
500 silly packumentCache corgi:https://registry.npmjs.org/glob set size:199194 disposed:false
501 http fetch GET 200 https://registry.npmjs.org/flatted 434ms (cache miss)
502 silly packumentCache corgi:https://registry.npmjs.org/flatted set size:undefined disposed:false
503 warn deprecated eslint@8.57.1: This version is no longer supported. Please see https://eslint.org/version-support for other options.
504 http fetch GET 200 https://registry.npmjs.org/cookie 891ms (cache revalidated)
505 silly packumentCache corgi:https://registry.npmjs.org/cookie set size:23677 disposed:false
506 silly packumentCache corgi:https://registry.npmjs.org/@typescript-eslint%2ftypescript-estree cache-miss
507 http fetch GET 200 https://registry.npmjs.org/@typescript-eslint%2ftypescript-estree 1520ms (cache updated)
508 silly packumentCache corgi:https://registry.npmjs.org/@typescript-eslint%2ftypescript-estree set size:undefined disposed:false
509 silly packumentCache corgi:https://registry.npmjs.org/@supabase%2fssr cache-miss
510 info run prisma@5.22.0 preinstall node_modules/prisma node scripts/preinstall-entry.js
511 info run prisma@5.22.0 preinstall { code: 0, signal: null }
512 info run sharp@0.34.5 install node_modules/sharp node install/check.js || npm run build
513 http fetch GET 200 https://registry.npmjs.org/@supabase%2fssr 753ms (cache revalidated)
514 silly packumentCache corgi:https://registry.npmjs.org/@supabase%2fssr set size:58338 disposed:false
515 silly packumentCache corgi:https://registry.npmjs.org/flat-cache cache-miss
516 http fetch GET 200 https://registry.npmjs.org/flat-cache 122ms (cache miss)
517 silly packumentCache corgi:https://registry.npmjs.org/flat-cache set size:undefined disposed:false
518 silly packumentCache corgi:https://registry.npmjs.org/@next%2feslint-plugin-next cache-miss
519 http fetch GET 200 https://registry.npmjs.org/@next%2feslint-plugin-next 747ms (cache updated)
520 silly packumentCache corgi:https://registry.npmjs.org/@next%2feslint-plugin-next set size:undefined disposed:false
521 silly packumentCache corgi:https://registry.npmjs.org/@typescript-eslint%2fparser cache-miss
522 http fetch GET 200 https://registry.npmjs.org/@typescript-eslint%2fparser 1029ms (cache updated)
523 silly packumentCache corgi:https://registry.npmjs.org/@typescript-eslint%2fparser set size:undefined disposed:false
524 info run sharp@0.34.5 install { code: 0, signal: null }
525 info run @prisma/client@5.22.0 postinstall node_modules/@prisma/client node scripts/postinstall.js
526 info run @prisma/engines@5.22.0 postinstall node_modules/@prisma/engines node scripts/postinstall.js
527 info run unrs-resolver@1.11.1 postinstall node_modules/unrs-resolver napi-postinstall unrs-resolver 1.11.1 check
528 silly packumentCache corgi:https://registry.npmjs.org/eslint-config-next cache-miss
529 info run @prisma/engines@5.22.0 postinstall { code: 0, signal: null }
530 http fetch GET 200 https://registry.npmjs.org/eslint-config-next 1213ms (cache updated)
531 silly packumentCache corgi:https://registry.npmjs.org/eslint-config-next set size:undefined disposed:false
532 info run unrs-resolver@1.11.1 postinstall { code: 0, signal: null }
533 info run @prisma/client@5.22.0 postinstall { code: 0, signal: null }
534 silly ADD node_modules/zod
535 silly ADD node_modules/yocto-queue
536 silly ADD node_modules/ws
537 silly ADD node_modules/wrappy
538 silly ADD node_modules/wrap-ansi-cjs
539 silly ADD node_modules/wrap-ansi-cjs/node_modules/string-width
540 silly ADD node_modules/wrap-ansi-cjs/node_modules/emoji-regex
541 silly ADD node_modules/wrap-ansi
542 silly ADD node_modules/wrap-ansi/node_modules/strip-ansi
543 silly ADD node_modules/wrap-ansi/node_modules/ansi-styles
544 silly ADD node_modules/wrap-ansi/node_modules/ansi-regex
545 silly ADD node_modules/word-wrap
546 silly ADD node_modules/which-typed-array
547 silly ADD node_modules/which-collection
548 silly ADD node_modules/which-builtin-type
549 silly ADD node_modules/which-boxed-primitive
550 silly ADD node_modules/which
551 silly ADD node_modules/uri-js
552 silly ADD node_modules/unrs-resolver
553 silly ADD node_modules/undici-types
554 silly ADD node_modules/unbox-primitive
555 silly ADD node_modules/typescript
556 silly ADD node_modules/typed-array-length
557 silly ADD node_modules/typed-array-byte-offset
558 silly ADD node_modules/typed-array-byte-length
559 silly ADD node_modules/typed-array-buffer
560 silly ADD node_modules/type-fest
561 silly ADD node_modules/type-check
562 silly ADD node_modules/tslib
563 silly ADD node_modules/tsconfig-paths
564 silly ADD node_modules/ts-api-utils
565 silly ADD node_modules/to-regex-range
566 silly ADD node_modules/tinyglobby
567 silly ADD node_modules/tinyglobby/node_modules/picomatch
568 silly ADD node_modules/tinyglobby/node_modules/fdir
569 silly ADD node_modules/text-table
570 silly ADD node_modules/supports-preserve-symlinks-flag
571 silly ADD node_modules/supports-color
572 silly ADD node_modules/styled-jsx
573 silly ADD node_modules/strip-json-comments
574 silly ADD node_modules/strip-bom
575 silly ADD node_modules/strip-ansi-cjs
576 silly ADD node_modules/strip-ansi
577 silly ADD node_modules/string.prototype.trimstart
578 silly ADD node_modules/string.prototype.trimend
579 silly ADD node_modules/string.prototype.trim
580 silly ADD node_modules/string.prototype.repeat
581 silly ADD node_modules/string.prototype.matchall
582 silly ADD node_modules/string.prototype.includes
583 silly ADD node_modules/string-width-cjs
584 silly ADD node_modules/string-width-cjs/node_modules/emoji-regex
585 silly ADD node_modules/string-width
586 silly ADD node_modules/string-width/node_modules/strip-ansi
587 silly ADD node_modules/string-width/node_modules/ansi-regex
588 silly ADD node_modules/stop-iteration-iterator
589 silly ADD node_modules/stable-hash
590 silly ADD node_modules/source-map-js
591 silly ADD node_modules/slash
592 silly ADD node_modules/signal-exit
593 silly ADD node_modules/side-channel-weakmap
594 silly ADD node_modules/side-channel-map
595 silly ADD node_modules/side-channel-list
596 silly ADD node_modules/side-channel
597 silly ADD node_modules/shebang-regex
598 silly ADD node_modules/shebang-command
599 silly ADD node_modules/sharp
600 silly ADD node_modules/set-proto
601 silly ADD node_modules/set-function-name
602 silly ADD node_modules/set-function-length
603 silly ADD node_modules/semver
604 silly ADD node_modules/scheduler
605 silly ADD node_modules/safe-regex-test
606 silly ADD node_modules/safe-push-apply
607 silly ADD node_modules/safe-array-concat
608 silly ADD node_modules/run-parallel
609 silly ADD node_modules/rimraf
610 silly ADD node_modules/rimraf/node_modules/glob
611 silly ADD node_modules/reusify
612 silly ADD node_modules/resolve-pkg-maps
613 silly ADD node_modules/resolve-from
614 silly ADD node_modules/resolve
615 silly ADD node_modules/regexp.prototype.flags
616 silly ADD node_modules/reflect.getprototypeof
617 silly ADD node_modules/react-is
618 silly ADD node_modules/react-dom
619 silly ADD node_modules/react
620 silly ADD node_modules/ramda
621 silly ADD node_modules/queue-microtask
622 silly ADD node_modules/punycode
623 silly ADD node_modules/prop-types
624 silly ADD node_modules/prisma
625 silly ADD node_modules/prettier
626 silly ADD node_modules/prelude-ls
627 silly ADD node_modules/postcss
628 silly ADD node_modules/possible-typed-array-names
629 silly ADD node_modules/picomatch
630 silly ADD node_modules/picocolors
631 silly ADD node_modules/path-type
632 silly ADD node_modules/path-scurry
633 silly ADD node_modules/path-parse
634 silly ADD node_modules/path-key
635 silly ADD node_modules/path-is-absolute
636 silly ADD node_modules/path-exists
637 silly ADD node_modules/parent-module
638 silly ADD node_modules/p-locate
639 silly ADD node_modules/p-limit
640 silly ADD node_modules/own-keys
641 silly ADD node_modules/optionator
642 silly ADD node_modules/once
643 silly ADD node_modules/object.values
644 silly ADD node_modules/object.groupby
645 silly ADD node_modules/object.fromentries
646 silly ADD node_modules/object.entries
647 silly ADD node_modules/object.assign
648 silly ADD node_modules/object-keys
649 silly ADD node_modules/object-inspect
650 silly ADD node_modules/object-assign
651 silly ADD node_modules/node-exports-info
652 silly ADD node_modules/node-exports-info/node_modules/semver
653 silly ADD node_modules/next
654 silly ADD node_modules/natural-compare
655 silly ADD node_modules/napi-postinstall
656 silly ADD node_modules/nanoid
657 silly ADD node_modules/ms
658 silly ADD node_modules/minipass
659 silly ADD node_modules/minimist
660 silly ADD node_modules/minimatch
661 silly ADD node_modules/micromatch
662 silly ADD node_modules/merge2
663 silly ADD node_modules/math-intrinsics
664 silly ADD node_modules/lru-cache
665 silly ADD node_modules/loose-envify
666 silly ADD node_modules/lodash.merge
667 silly ADD node_modules/locate-path
668 silly ADD node_modules/levn
669 silly ADD node_modules/language-tags
670 silly ADD node_modules/language-subtag-registry
671 silly ADD node_modules/keyv
672 silly ADD node_modules/jsx-ast-utils
673 silly ADD node_modules/json5
674 silly ADD node_modules/json-stable-stringify-without-jsonify
675 silly ADD node_modules/json-schema-traverse
676 silly ADD node_modules/json-buffer
677 silly ADD node_modules/js-yaml
678 silly ADD node_modules/js-tokens
679 silly ADD node_modules/jackspeak
680 silly ADD node_modules/iterator.prototype
681 silly ADD node_modules/isexe
682 silly ADD node_modules/isarray
683 silly ADD node_modules/is-weakset
684 silly ADD node_modules/is-weakref
685 silly ADD node_modules/is-weakmap
686 silly ADD node_modules/is-typed-array
687 silly ADD node_modules/is-symbol
688 silly ADD node_modules/is-string
689 silly ADD node_modules/is-shared-array-buffer
690 silly ADD node_modules/is-set
691 silly ADD node_modules/is-regex
692 silly ADD node_modules/is-path-inside
693 silly ADD node_modules/is-number-object
694 silly ADD node_modules/is-number
695 silly ADD node_modules/is-negative-zero
696 silly ADD node_modules/is-map
697 silly ADD node_modules/is-glob
698 silly ADD node_modules/is-generator-function
699 silly ADD node_modules/is-fullwidth-code-point
700 silly ADD node_modules/is-finalizationregistry
701 silly ADD node_modules/is-extglob
702 silly ADD node_modules/is-date-object
703 silly ADD node_modules/is-data-view
704 silly ADD node_modules/is-core-module
705 silly ADD node_modules/is-callable
706 silly ADD node_modules/is-bun-module
707 silly ADD node_modules/is-boolean-object
708 silly ADD node_modules/is-bigint
709 silly ADD node_modules/is-async-function
710 silly ADD node_modules/is-array-buffer
711 silly ADD node_modules/internal-slot
712 silly ADD node_modules/inherits
713 silly ADD node_modules/inflight
714 silly ADD node_modules/imurmurhash
715 silly ADD node_modules/import-fresh
716 silly ADD node_modules/ignore
717 silly ADD node_modules/iceberg-js
718 silly ADD node_modules/hasown
719 silly ADD node_modules/has-tostringtag
720 silly ADD node_modules/has-symbols
721 silly ADD node_modules/has-proto
722 silly ADD node_modules/has-property-descriptors
723 silly ADD node_modules/has-flag
724 silly ADD node_modules/has-bigints
725 silly ADD node_modules/graphemer
726 silly ADD node_modules/gopd
727 silly ADD node_modules/globby
728 silly ADD node_modules/globalthis
729 silly ADD node_modules/globals
730 silly ADD node_modules/glob-parent
731 silly ADD node_modules/glob
732 silly ADD node_modules/glob/node_modules/minimatch
733 silly ADD node_modules/glob/node_modules/brace-expansion
734 silly ADD node_modules/get-tsconfig
735 silly ADD node_modules/get-symbol-description
736 silly ADD node_modules/get-proto
737 silly ADD node_modules/get-intrinsic
738 silly ADD node_modules/generator-function
739 silly ADD node_modules/functions-have-names
740 silly ADD node_modules/function.prototype.name
741 silly ADD node_modules/function-bind
742 silly ADD node_modules/fsevents
743 silly ADD node_modules/fs.realpath
744 silly ADD node_modules/foreground-child
745 silly ADD node_modules/for-each
746 silly ADD node_modules/flatted
747 silly ADD node_modules/flat-cache
748 silly ADD node_modules/find-up
749 silly ADD node_modules/fill-range
750 silly ADD node_modules/file-entry-cache
751 silly ADD node_modules/fastq
752 silly ADD node_modules/fast-levenshtein
753 silly ADD node_modules/fast-json-stable-stringify
754 silly ADD node_modules/fast-glob
755 silly ADD node_modules/fast-glob/node_modules/glob-parent
756 silly ADD node_modules/fast-deep-equal
757 silly ADD node_modules/esutils
758 silly ADD node_modules/estraverse
759 silly ADD node_modules/esrecurse
760 silly ADD node_modules/esquery
761 silly ADD node_modules/espree
762 silly ADD node_modules/eslint-visitor-keys
763 silly ADD node_modules/eslint-scope
764 silly ADD node_modules/eslint-plugin-react-hooks
765 silly ADD node_modules/eslint-plugin-react
766 silly ADD node_modules/eslint-plugin-react/node_modules/semver
767 silly ADD node_modules/eslint-plugin-react/node_modules/resolve
768 silly ADD node_modules/eslint-plugin-react/node_modules/doctrine
769 silly ADD node_modules/eslint-plugin-jsx-a11y
770 silly ADD node_modules/eslint-plugin-import
771 silly ADD node_modules/eslint-plugin-import/node_modules/semver
772 silly ADD node_modules/eslint-plugin-import/node_modules/doctrine
773 silly ADD node_modules/eslint-plugin-import/node_modules/debug
774 silly ADD node_modules/eslint-module-utils
775 silly ADD node_modules/eslint-module-utils/node_modules/debug
776 silly ADD node_modules/eslint-import-resolver-typescript
777 silly ADD node_modules/eslint-import-resolver-node
778 silly ADD node_modules/eslint-import-resolver-node/node_modules/debug
779 silly ADD node_modules/eslint-config-next
780 silly ADD node_modules/eslint
781 silly ADD node_modules/escape-string-regexp
782 silly ADD node_modules/es-to-primitive
783 silly ADD node_modules/es-shim-unscopables
784 silly ADD node_modules/es-set-tostringtag
785 silly ADD node_modules/es-object-atoms
786 silly ADD node_modules/es-iterator-helpers
787 silly ADD node_modules/es-errors
788 silly ADD node_modules/es-define-property
789 silly ADD node_modules/es-abstract
790 silly ADD node_modules/emoji-regex
791 silly ADD node_modules/eastasianwidth
792 silly ADD node_modules/dunder-proto
793 silly ADD node_modules/doctrine
794 silly ADD node_modules/dir-glob
795 silly ADD node_modules/detect-libc
796 silly ADD node_modules/define-properties
797 silly ADD node_modules/define-data-property
798 silly ADD node_modules/deep-is
799 silly ADD node_modules/debug
800 silly ADD node_modules/data-view-byte-offset
801 silly ADD node_modules/data-view-byte-length
802 silly ADD node_modules/data-view-buffer
803 silly ADD node_modules/damerau-levenshtein
804 silly ADD node_modules/csstype
805 silly ADD node_modules/cross-spawn
806 silly ADD node_modules/cookie
807 silly ADD node_modules/concat-map
808 silly ADD node_modules/color-name
809 silly ADD node_modules/color-convert
810 silly ADD node_modules/client-only
811 silly ADD node_modules/chalk
812 silly ADD node_modules/caniuse-lite
813 silly ADD node_modules/callsites
814 silly ADD node_modules/call-bound
815 silly ADD node_modules/call-bind-apply-helpers
816 silly ADD node_modules/call-bind
817 silly ADD node_modules/braces
818 silly ADD node_modules/brace-expansion
819 silly ADD node_modules/baseline-browser-mapping
820 silly ADD node_modules/balanced-match
821 silly ADD node_modules/axobject-query
822 silly ADD node_modules/axe-core
823 silly ADD node_modules/available-typed-arrays
824 silly ADD node_modules/async-function
825 silly ADD node_modules/ast-types-flow
826 silly ADD node_modules/arraybuffer.prototype.slice
827 silly ADD node_modules/array.prototype.tosorted
828 silly ADD node_modules/array.prototype.flatmap
829 silly ADD node_modules/array.prototype.flat
830 silly ADD node_modules/array.prototype.findlastindex
831 silly ADD node_modules/array.prototype.findlast
832 silly ADD node_modules/array-union
833 silly ADD node_modules/array-includes
834 silly ADD node_modules/array-buffer-byte-length
835 silly ADD node_modules/aria-query
836 silly ADD node_modules/argparse
837 silly ADD node_modules/ansi-styles
838 silly ADD node_modules/ansi-regex
839 silly ADD node_modules/ajv
840 silly ADD node_modules/acorn-jsx
841 silly ADD node_modules/acorn
842 silly ADD
843 silly ADD
844 silly ADD
845 silly ADD
846 silly ADD
847 silly ADD
848 silly ADD
849 silly ADD
850 silly ADD
851 silly ADD
852 silly ADD
853 silly ADD
854 silly ADD
855 silly ADD
856 silly ADD
857 silly ADD
858 silly ADD node_modules/@unrs/resolver-binding-darwin-arm64
859 silly ADD
860 silly ADD
861 silly ADD node_modules/@ungap/structured-clone
862 silly ADD node_modules/@typescript-eslint/visitor-keys
863 silly ADD node_modules/@typescript-eslint/typescript-estree
864 silly ADD node_modules/@typescript-eslint/typescript-estree/node_modules/minimatch
865 silly ADD node_modules/@typescript-eslint/typescript-estree/node_modules/brace-expansion
866 silly ADD node_modules/@typescript-eslint/types
867 silly ADD node_modules/@typescript-eslint/scope-manager
868 silly ADD node_modules/@typescript-eslint/parser
869 silly ADD node_modules/@types/ws
870 silly ADD node_modules/@types/react-dom
871 silly ADD node_modules/@types/react
872 silly ADD node_modules/@types/prop-types
873 silly ADD node_modules/@types/phoenix
874 silly ADD node_modules/@types/node
875 silly ADD node_modules/@types/json5
876 silly ADD
877 silly ADD node_modules/@swc/helpers
878 silly ADD node_modules/@supabase/supabase-js
879 silly ADD node_modules/@supabase/storage-js
880 silly ADD node_modules/@supabase/ssr
881 silly ADD node_modules/@supabase/realtime-js
882 silly ADD node_modules/@supabase/postgrest-js
883 silly ADD node_modules/@supabase/functions-js
884 silly ADD node_modules/@supabase/auth-js
885 silly ADD node_modules/@rushstack/eslint-patch
886 silly ADD node_modules/@rtsao/scc
887 silly ADD node_modules/@prisma/get-platform
888 silly ADD node_modules/@prisma/fetch-engine
889 silly ADD node_modules/@prisma/engines-version
890 silly ADD node_modules/@prisma/engines
891 silly ADD node_modules/@prisma/debug
892 silly ADD node_modules/@prisma/client
893 silly ADD node_modules/@pkgjs/parseargs
894 silly ADD node_modules/@nolyfill/is-core-module
895 silly ADD node_modules/@nodelib/fs.walk
896 silly ADD node_modules/@nodelib/fs.stat
897 silly ADD node_modules/@nodelib/fs.scandir
898 silly ADD
899 silly ADD
900 silly ADD
901 silly ADD
902 silly ADD
903 silly ADD
904 silly ADD
905 silly ADD node_modules/@next/swc-darwin-arm64
906 silly ADD node_modules/@next/eslint-plugin-next
907 silly ADD node_modules/@next/env
908 silly ADD
909 silly ADD node_modules/@isaacs/cliui
910 silly ADD node_modules/@isaacs/cliui/node_modules/strip-ansi
911 silly ADD node_modules/@isaacs/cliui/node_modules/ansi-regex
912 silly ADD
913 silly ADD
914 silly ADD
915 silly ADD
916 silly ADD
917 silly ADD
918 silly ADD
919 silly ADD
920 silly ADD
921 silly ADD
922 silly ADD
923 silly ADD
924 silly ADD
925 silly ADD
926 silly ADD
927 silly ADD
928 silly ADD
929 silly ADD
930 silly ADD
931 silly ADD
932 silly ADD
933 silly ADD node_modules/@img/sharp-libvips-darwin-arm64
934 silly ADD
935 silly ADD node_modules/@img/sharp-darwin-arm64
936 silly ADD node_modules/@img/colour
937 silly ADD node_modules/@humanwhocodes/object-schema
938 silly ADD node_modules/@humanwhocodes/module-importer
939 silly ADD node_modules/@humanwhocodes/config-array
940 silly ADD node_modules/@eslint/js
941 silly ADD node_modules/@eslint/eslintrc
942 silly ADD node_modules/@eslint-community/regexpp
943 silly ADD node_modules/@eslint-community/eslint-utils
944 silly ADD
945 silly ADD node_modules/@emnapi/runtime
946 silly ADD
947 verbose cwd /Users/santiagovalencia/backend proyecto inf 1/Proyecto_Informatico
948 verbose os Darwin 25.0.0
949 verbose node v22.15.1
950 verbose npm  v10.9.2
951 verbose exit 0
952 info ok
